,Unnamed: 0,h_t,d_t,cloud,ISCCP,h_t_next,d_t_next,cloud_next,ISCCP_next,dh,dd,bincenter_h,bincenter_d
37,37,1123.2248446386573,0.08160050201462166,cloud,2.0,4517.842401299803,2.3103664963747006,cloud,6.0,3394.6175566611455,2.228765994360079,1000.0,0
284,284,852.8646661224498,-0.10075861992704817,cloud,2.0,2317.1161474813866,1.1063378397260566,cloud,3.0,1464.2514813589369,1.2070964596531049,1000.0,0
402,402,1034.9249163243342,0.08344650660153398,cloud,2.0,599.9391112667969,0.3864005899377584,cloud,2.0,-434.9858050575373,0.3029540833362244,1000.0,0
968,968,900.4671115130911,0.05322089103330724,cloud,2.0,850.7508768044037,0.8722163053532632,cloud,2.0,-49.716234708687466,0.818995414319956,1000.0,0
239,239,979.9336349602112,-0.08062464265651115,cloud,2.0,6734.688285776065,-0.8980202909889944,cloud,3.0,5754.754650815854,-0.8173956483324832,1000.0,0
645,645,1121.4381418050336,-0.08852954752367104,cloud,2.0,575.215367804072,0.9303101653795904,cloud,2.0,-546.2227740009616,1.0188397129032616,1000.0,0
649,649,990.5558150799416,-0.08647528250173764,cloud,2.0,670.8051442980118,1.598886442217204,cloud,5.0,-319.7506707819298,1.6853617247189416,1000.0,0
930,930,926.6599527191762,-0.09959294154989927,cloud,2.0,9276.758296536165,0.7289944179437692,cloud,4.0,8350.09834381699,0.8285873594936685,1000.0,0
2004,2004,914.3005445920621,0.10440420801977446,cloud,2.0,13333.382123237881,1.4804143416896376,cloud,7.0,12419.081578645819,1.3760101336698631,1000.0,0
2208,2208,983.8575252064003,-0.13021361335747314,cloud,2.0,6737.926034279567,1.1970052609354616,cloud,3.0,5754.068509073167,1.3272188742929347,1000.0,0
2598,2598,1038.9381249080172,0.07631159526141308,cloud,2.0,3418.7042451766565,0.7730890529399413,cloud,3.0,2379.7661202686395,0.6967774576785283,1000.0,0
3243,3243,889.0840607308244,-0.006884049124224134,cloud,2.0,1086.9506864236503,0.7186102591862753,cloud,2.0,197.8666256928259,0.7254943083104994,1000.0,0
3669,3669,919.9289884152437,0.007766330968124623,cloud,2.0,399.8063767140225,0.2267670027088411,cloud,2.0,-520.1226117012211,0.21900067174071647,1000.0,0
3825,3825,1109.0570595717231,-0.06657596980721593,cloud,2.0,808.7258168234462,0.1437341241266999,cloud,2.0,-300.33124274827696,0.2103100939339158,1000.0,0
4087,4087,972.6327021726778,-0.026800880220078538,cloud,2.0,3338.597461488253,-0.5689238008098729,cloud,3.0,2365.964759315575,-0.5421229205897944,1000.0,0
4816,4816,1070.8354776601857,0.10357173659314456,cloud,2.0,422.16206492349113,0.8109106340929725,cloud,2.0,-648.6734127366946,0.7073388974998279,1000.0,0
5028,5028,1027.6006096402427,-0.05101464530891442,cloud,2.0,759.9021133647501,-0.2087605734453074,cloud,2.0,-267.69849627549263,-0.157745928136393,1000.0,0
5539,5539,909.9034748078343,0.12303435453913493,cloud,2.0,528.9417399403932,0.5257229966991459,cloud,2.0,-380.9617348674411,0.402688642160011,1000.0,0
5689,5689,1085.599438598462,0.12648012366078454,cloud,2.0,1172.281716944495,1.0022245663411529,cloud,2.0,86.68227834603294,0.8757444426803683,1000.0,0
5703,5703,1007.4202001341213,0.10770100915461388,cloud,2.0,801.475916104393,0.6835246704612477,cloud,2.0,-205.94428402972824,0.5758236613066338,1000.0,0
6043,6043,1012.4670800059464,0.00485414680573637,cloud,2.0,490.2129441564401,1.04198227348969,cloud,2.0,-522.2541358495064,1.0371281266839536,1000.0,0
6417,6417,886.240223009072,0.0985514261156053,cloud,2.0,7176.676955367769,1.387919688145676,cloud,6.0,6290.436732358697,1.2893682620300706,1000.0,0
7102,7102,1079.3526595561723,0.008577013732959271,cloud,2.0,2794.025786225879,0.7412085331687039,cloud,3.0,1714.6731266697068,0.7326315194357447,1000.0,0
7707,7707,875.3482971009271,0.07063061797971859,cloud,2.0,1274.55955614566,1.4882990792208737,cloud,5.0,399.21125904473297,1.417668461241155,1000.0,0
7818,7818,1025.8927673806993,0.062066344282042385,cloud,2.0,588.9728204664642,0.2630126716083285,cloud,2.0,-436.9199469142351,0.2009463273262861,1000.0,0
7953,7953,1125.130091778388,0.0593603779773515,cloud,2.0,4891.3127338475515,1.8095995779005964,cloud,6.0,3766.182642069163,1.750239199923245,1000.0,0
8200,8200,1053.3208670143829,0.13302215280503127,cloud,2.0,810.4126034318796,0.2600923447405424,cloud,2.0,-242.9082635825033,0.1270701919355111,1000.0,0
9564,9564,990.8289090817842,0.13031371560702687,cloud,2.0,1885.1365009686251,1.3770124199179867,cloud,5.0,894.3075918868409,1.2466987043109599,1000.0,0
9994,9994,892.3699550419728,-0.0028421257724546845,cloud,2.0,1241.1113268104664,0.008763172853335388,cloud,2.0,348.74137176849354,0.011605298625790073,1000.0,0
832,832,6014.127962539839,-0.060407550295539236,cloud,3.0,8134.446951781387,-0.2948584398116222,cloud,4.0,2120.3189892415476,-0.23445088951608295,6000.0,0
2565,2565,5882.966247446609,0.031350272478318175,cloud,3.0,1637.941635491032,1.357792120795294,cloud,5.0,-4245.024611955577,1.326441848316976,6000.0,0
4619,4619,8990.911655677397,-0.1444309185732493,cloud,4.0,11223.932092258803,-0.3642062715098322,cloud,4.0,2233.020436581406,-0.2197753529365829,9000.0,0
6114,6114,9002.663106814214,0.14173202209331864,cloud,4.0,7051.601307766917,0.7300279071374759,cloud,3.0,-1951.0617990472974,0.5882958850441573,9000.0,0
8944,8944,9136.994282781863,-0.1451315158381028,cloud,4.0,13759.523485195845,0.08605520711000669,cloud,4.0,4622.529202413982,0.2311867229481095,9000.0,0
9687,9687,8926.609759063487,0.12567140776153274,cloud,4.0,14758.054263377795,-0.15131285940504668,cloud,4.0,5831.444504314308,-0.2769842671665794,9000.0,0
803,803,11981.049933769638,0.056942281755545936,cloud,4.0,11277.824737553821,0.8069692170619034,cloud,4.0,-703.225196215817,0.7500269353063574,12000.0,0
1153,1153,12078.330825691477,0.035921472333792386,cloud,4.0,12691.480512856533,0.8882448774884748,cloud,4.0,613.1496871650561,0.8523234051546824,12000.0,0
1370,1370,12131.88611237984,0.09447873257958296,cloud,4.0,11259.26406162554,-0.3028178295990785,cloud,4.0,-872.6220507543003,-0.39729656217866144,12000.0,0
2301,2301,12113.304218976304,-0.09848541389290888,cloud,4.0,12565.702127209774,0.6854551559702838,cloud,4.0,452.39790823346993,0.7839405698631927,12000.0,0
3115,3115,12008.832845928233,-0.1038179692459732,cloud,4.0,3838.255709277065,0.4388471544241629,cloud,3.0,-8170.577136651168,0.5426651236701361,12000.0,0
4794,4794,12053.490250044337,-0.1340049822559528,cloud,4.0,11816.046299393794,-0.8409718618630583,cloud,4.0,-237.44395065054232,-0.7069668796071055,12000.0,0
7129,7129,12017.625097751366,0.0366068162948347,cloud,4.0,12151.913232512637,-0.9415229489577692,cloud,4.0,134.28813476127107,-0.978129765252604,12000.0,0
9746,9746,11952.461498784842,0.12041539394583912,cloud,4.0,12647.33744794982,1.9685203435600356,cloud,7.0,694.875949164978,1.8481049496141964,12000.0,0
0,0,1000.0,1.0,cloud,2.0,763.3993074879647,0.964304509386028,cloud,2.0,-236.60069251203527,-0.035695490613972036,1000.0,1
49,49,907.1757595542084,1.0173691814184562,cloud,2.0,331.46703212208223,2.0840031347657106,cloud,5.0,-575.7087274321261,1.0666339533472544,1000.0,1
0,0,1000.0,1.0,cloud,2.0,1006.1699461974796,0.7358399477854028,cloud,2.0,6.1699461974795895,-0.26416005221459715,1000.0,1
184,184,893.6043540666311,0.8935272294498382,cloud,2.0,1187.6159555890092,1.0503371892696514,cloud,2.0,294.0116015223781,0.15680995981981316,1000.0,1
545,545,881.0935358773205,1.127392678186586,cloud,2.0,345.7123237635446,1.8164741900283552,cloud,5.0,-535.381212113776,0.6890815118417692,1000.0,1
583,583,1096.3803755339084,1.02304039936537,cloud,2.0,1104.9787723539814,1.7619592984043422,cloud,5.0,8.598396820073049,0.7389188990389721,1000.0,1
633,633,1042.8018166360678,0.9824020516209614,cloud,2.0,470.9401934290854,1.6867597804907026,cloud,5.0,-571.8616232069824,0.7043577288697412,1000.0,1
759,759,926.1000605459725,1.1007069142542834,cloud,2.0,1459.7065687452787,1.4072672190840234,cloud,5.0,533.6065081993062,0.30656030482974006,1000.0,1
896,896,952.1214062297008,1.1404315405531746,cloud,2.0,540.2494232078285,0.5837268785334663,cloud,2.0,-411.8719830218723,-0.5567046620197084,1000.0,1
969,969,850.7508768044037,0.8722163053532632,cloud,2.0,1097.8452478404586,1.1400861418610768,cloud,2.0,247.0943710360549,0.2678698365078136,1000.0,1
0,0,1000.0,1.0,cloud,2.0,731.2918900584331,1.7788279384457646,cloud,5.0,-268.70810994156693,0.7788279384457646,1000.0,1
2,2,1012.1266003658226,1.084122107820258,cloud,2.0,1124.665863382953,0.8652389621508192,cloud,2.0,112.53926301713034,-0.2188831456694389,1000.0,1
3,3,1124.665863382953,0.8652389621508192,cloud,2.0,4665.864873928662,0.7678518946166301,cloud,3.0,3541.199010545709,-0.09738706753418913,1000.0,1
303,303,993.6023850320037,1.1076664107099494,cloud,2.0,1172.5186311687687,2.117130995203852,cloud,5.0,178.91624613676504,1.0094645844939028,1000.0,1
306,306,1005.7735425542967,1.058982045240959,cloud,2.0,1711.0391165148535,1.7986348890507895,cloud,5.0,705.2655739605568,0.7396528438098304,1000.0,1
444,444,917.044892742023,0.8642191277213582,cloud,2.0,1824.4989325148001,1.7241005307183943,cloud,5.0,907.4540397727772,0.8598814029970361,1000.0,1
571,571,1138.3372298761387,0.9845699554288092,cloud,2.0,7021.24383674529,1.5158808249284248,cloud,6.0,5882.906606869151,0.5313108694996156,1000.0,1
656,656,1051.0033810450384,0.9404818630717424,cloud,2.0,441.81960856696816,0.8656923952473842,cloud,2.0,-609.1837724780703,-0.07478946782435825,1000.0,1
661,661,976.1924400246173,0.8586761877681186,cloud,2.0,1379.232516678092,2.505220675998493,cloud,5.0,403.04007665347467,1.6465444882303746,1000.0,1
666,666,875.0621434732536,0.9812244569284816,cloud,2.0,1584.003748835831,1.1134085848003688,cloud,2.0,708.9416053625773,0.13218412787188716,1000.0,1
1072,1072,1060.6993966605444,1.1154593348541884,cloud,2.0,1194.7333164015267,0.9230099664109712,cloud,2.0,134.03391974098236,-0.19244936844321714,1000.0,1
1172,1172,1126.8501061562895,0.873207508221537,cloud,2.0,931.7622009204416,2.376251852842453,cloud,5.0,-195.08790523584787,1.5030443446209159,1000.0,1
1175,1175,1106.17446963095,0.9023411475703008,cloud,2.0,756.0375861388197,1.5263287872062659,cloud,5.0,-350.1368834921302,0.623987639635965,1000.0,1
1303,1303,1064.0969328306492,1.030820010175827,cloud,2.0,10833.055235729737,2.4150318164543387,cloud,7.0,9768.958302899087,1.3842118062785118,1000.0,1
1455,1455,856.2054219284556,0.8701880490051674,cloud,2.0,1100.8461959184779,1.0392909230954883,cloud,2.0,244.64077399002224,0.16910287409032088,1000.0,1
1456,1456,1100.8461959184779,1.0392909230954883,cloud,2.0,647.1193544076343,1.000080176489411,cloud,2.0,-453.72684151084354,-0.039210746606077373,1000.0,1
1462,1462,972.0814966005173,1.014819960198956,cloud,2.0,4328.078248256345,1.4550477996785245,cloud,6.0,3355.996751655828,0.44022783947956845,1000.0,1
1513,1513,973.486557217677,0.9835243389489386,cloud,2.0,281.34054227634704,0.10303925992176176,cloud,2.0,-692.14601494133,-0.8804850790271769,1000.0,1
1562,1562,1108.659161245065,1.0420509634391868,cloud,2.0,8904.690495728139,1.6391982354406789,cloud,7.0,7796.031334483074,0.5971472720014921,1000.0,1
1600,1600,943.1809175354582,0.8794066871734989,cloud,2.0,1589.3336087746536,2.1581610450052326,cloud,5.0,646.1526912391954,1.2787543578317337,1000.0,1
1628,1628,946.1097310821788,1.091062605053105,cloud,2.0,1052.2840559963408,1.3701557692076116,cloud,5.0,106.17432491416207,0.2790931641545067,1000.0,1
1817,1817,865.3522991049948,0.9955354538183356,cloud,2.0,726.8841149215227,1.5653275255223216,cloud,5.0,-138.4681841834721,0.5697920717039859,1000.0,1
1821,1821,1099.224710823472,0.9753197957917902,cloud,2.0,1678.1412577268404,0.6815020221269479,cloud,2.0,578.9165469033685,-0.2938177736648423,1000.0,1
1863,1863,946.9350883034958,0.8823977741982495,cloud,2.0,562.2846080046515,0.9270352484073101,cloud,2.0,-384.6504802988443,0.04463747420906061,1000.0,1
1883,1883,1031.1167269615023,0.8932961116386153,cloud,2.0,1212.2061979327634,2.405677782278172,cloud,5.0,181.0894709712611,1.5123816706395565,1000.0,1
1885,1885,956.051039602997,1.1288007775383078,cloud,2.0,776.6039916173337,1.6601295020694096,cloud,5.0,-179.4470479856633,0.5313287245311018,1000.0,1
2463,2463,1121.1692777583694,1.1045110725723029,cloud,2.0,1023.4045229906177,1.4515454279265383,cloud,5.0,-97.7647547677517,0.34703435535423544,1000.0,1
2570,2570,964.110828303326,1.029570705462001,cloud,2.0,396.7035817711055,0.367055129805192,cloud,2.0,-567.4072465322205,-0.6625155756568089,1000.0,1
2597,2597,997.869838376959,0.9768651109934932,cloud,2.0,1038.9381249080172,0.07631159526141308,cloud,2.0,41.06828653105822,-0.9005535157320801,1000.0,1
2697,2697,1057.9931951546037,1.0769558062245186,cloud,2.0,1012.1426480809923,3.235827325140832,cloud,8.0,-45.850547073611324,2.1588715189163135,1000.0,1
2920,2920,1052.8223998387753,0.9064205079892304,cloud,2.0,709.5405913320943,1.205622471649905,cloud,2.0,-343.28180850668093,0.29920196366067475,1000.0,1
3034,3034,1072.351083764285,1.0873931298775728,cloud,2.0,644.4650042561202,1.1439636536117073,cloud,2.0,-427.8860795081648,0.056570523734134515,1000.0,1
3168,3168,1097.8493799463042,0.9388427668838614,cloud,2.0,268.6449775445111,1.115336354591272,cloud,2.0,-829.2044024017931,0.17649358770741064,1000.0,1
3252,3252,963.3599003501372,1.1452729522232103,cloud,2.0,1053.6231317299364,0.2477765524771253,cloud,2.0,90.26323137979921,-0.8974963997460851,1000.0,1
3448,3448,1016.4815323977687,1.149006290862886,cloud,2.0,1949.4052668982192,2.436781400717837,cloud,5.0,932.9237345004506,1.287775109854951,1000.0,1
3552,3552,1092.3821565096111,0.9021300084024138,cloud,2.0,2656.5277475885073,0.3741146767645493,cloud,3.0,1564.1455910788961,-0.5280153316378644,1000.0,1
3579,3579,1111.790004765292,1.008570540250832,cloud,2.0,2743.910865068767,2.2773922360445558,cloud,6.0,1632.1208603034752,1.2688216957937237,1000.0,1
3806,3806,949.9012944851257,0.972202746126985,cloud,2.0,844.6635797695398,0.8392846181385447,cloud,2.0,-105.23771471558598,-0.13291812798844027,1000.0,1
4119,4119,1044.533043003047,1.1291301565613687,cloud,2.0,828.440926921795,0.8650385343164309,cloud,2.0,-216.0921160812519,-0.2640916222449379,1000.0,1
4376,4376,967.5649475406084,1.1220175288979803,cloud,2.0,663.9655006518925,1.7415996810539165,cloud,5.0,-303.5994468887159,0.6195821521559361,1000.0,1
4383,4383,1097.9376213374414,0.9066581531024542,cloud,2.0,655.829103406179,1.3084009665151983,cloud,5.0,-442.10851793126244,0.4017428134127441,1000.0,1
4741,4741,927.1720687453984,1.1073732862161334,cloud,2.0,1475.432524168945,1.7195748790185352,cloud,5.0,548.2604554235467,0.6122015928024018,1000.0,1
4783,4783,1144.7546802377692,1.0167869125936178,cloud,2.0,1074.171259192141,2.5516289085240693,cloud,5.0,-70.58342104562826,1.5348419959304516,1000.0,1
5004,5004,928.8904393316199,1.0130311303046424,cloud,2.0,650.0536318885086,1.9016514291817623,cloud,5.0,-278.8368074431113,0.8886202988771199,1000.0,1
5017,5017,1007.8628288280831,0.9841142248690748,cloud,2.0,1198.6442464479878,0.9312907608769234,cloud,2.0,190.7814176199047,-0.05282346399215143,1000.0,1
5027,5027,874.2508149515587,0.9111504937216149,cloud,2.0,1027.6006096402427,-0.05101464530891442,cloud,2.0,153.34979468868403,-0.9621651390305294,1000.0,1
5062,5062,1076.9598574395702,1.0903737718195292,cloud,2.0,1256.2874558356252,0.942521014799407,cloud,2.0,179.327598396055,-0.14785275702012224,1000.0,1
5134,5134,962.6633851521516,1.0606222684586877,cloud,2.0,807.1647806967784,-0.1401600526111284,cloud,2.0,-155.4986044553732,-1.200782321069816,1000.0,1
5511,5511,1088.076776495429,1.1427845984256244,cloud,2.0,247.2981918270125,2.0064020833247342,cloud,5.0,-840.7785846684164,0.8636174848991098,1000.0,1
5594,5594,870.3108944825809,1.138341361617358,cloud,2.0,1269.43335921188,-0.229603174906432,cloud,2.0,399.12246472929917,-1.3679445365237901,1000.0,1
5814,5814,1142.1149355739446,0.946792546684283,cloud,2.0,1190.39925821539,1.8626542957271712,cloud,5.0,48.28432264144544,0.9158617490428882,1000.0,1
5924,5924,918.279325523452,1.0065218330736174,cloud,2.0,887.7298584219084,0.8571672835825903,cloud,2.0,-30.549467101543655,-0.1493545494910271,1000.0,1
5925,5925,887.7298584219084,0.8571672835825903,cloud,2.0,450.3334994989634,0.4077616224368299,cloud,2.0,-437.39635892294496,-0.4494056611457604,1000.0,1
6174,6174,1024.4804612992586,1.0893483079562998,cloud,2.0,781.8482099282255,0.0041304274263056495,cloud,2.0,-242.63225137103314,-1.0852178805299941,1000.0,1
6205,6205,873.1469899177288,0.9634478442246862,cloud,2.0,1070.3534119049175,0.7495689423738714,cloud,2.0,197.20642198718872,-0.21387890185081482,1000.0,1
6406,6406,893.5181310988023,1.0233743228616068,cloud,2.0,1199.465511015194,2.0829815960553537,cloud,5.0,305.9473799163916,1.059607273193747,1000.0,1
6428,6428,1037.593153921389,1.0087744628273392,cloud,2.0,839.9143894106786,-0.1061888640045121,cloud,2.0,-197.6787645107105,-1.1149633268318513,1000.0,1
6622,6622,888.7997376362563,1.0721500532806254,cloud,2.0,3054.679371543922,1.0645489400490846,cloud,3.0,2165.8796339076657,-0.007601113231540779,1000.0,1
6724,6724,1133.065227446879,1.0700701277218667,cloud,2.0,1309.18920632714,1.2955241379437061,cloud,5.0,176.12397888026112,0.22545401022183942,1000.0,1
6970,6970,940.483602853228,0.9404714315907166,cloud,2.0,456.98652307850546,0.5246016225539915,cloud,2.0,-483.4970797747226,-0.4158698090367251,1000.0,1
7259,7259,1109.5510519443676,0.9090180535625524,cloud,2.0,1984.4852330328374,1.2409617423228356,cloud,2.0,874.9341810884698,0.33194368876028324,1000.0,1
7633,7633,879.6918401765663,1.110599043605578,cloud,2.0,992.0641906535913,1.2372336571586815,cloud,2.0,112.37235047702495,0.12663461355310357,1000.0,1
7724,7724,851.5813648131914,0.9281656699108054,cloud,2.0,1550.8052850811512,1.2637196269683326,cloud,2.0,699.2239202679598,0.3355539570575272,1000.0,1
7815,7815,1013.6467811254547,1.103650013051647,cloud,2.0,566.9677826254389,3.4220417751805385,cloud,8.0,-446.67899850001584,2.3183917621288916,1000.0,1
8049,8049,881.9088225777672,0.9539352794364268,cloud,2.0,693.3577442886364,2.3126613511345275,cloud,5.0,-188.55107828913083,1.3587260716981007,1000.0,1
8244,8244,920.8615944515117,0.8674359693290367,cloud,2.0,569.1509793270066,1.833631527074782,cloud,5.0,-351.7106151245051,0.9661955577457454,1000.0,1
8253,8253,969.8561984166117,1.1482389958992325,cloud,2.0,1229.508408115746,0.4654687400190417,cloud,2.0,259.65220969913435,-0.6827702558801908,1000.0,1
8269,8269,853.47221716687,1.1268536333602108,cloud,2.0,1268.4591258574326,1.3321581097040143,cloud,5.0,414.9869086905626,0.20530447634380344,1000.0,1
8709,8709,983.7653279646023,1.0365439338228513,cloud,2.0,723.8746039350763,0.31940250273030457,cloud,2.0,-259.89072402952604,-0.7171414310925467,1000.0,1
8775,8775,1075.92467235322,0.9810942770615596,cloud,2.0,1321.283603229382,1.4696666041433144,cloud,5.0,245.35893087616182,0.4885723270817548,1000.0,1
8950,8950,1107.0426383248864,0.9119856614645674,cloud,2.0,588.8083079927542,1.3863454819463263,cloud,5.0,-518.2343303321322,0.47435982048175895,1000.0,1
9005,9005,966.5457068682924,0.9686442116362984,cloud,2.0,670.8638470355651,1.7217242901826848,cloud,5.0,-295.68185983272735,0.7530800785463864,1000.0,1
9074,9074,994.4510137863298,1.1376456335057183,cloud,2.0,742.613473513593,1.4039744676208552,cloud,5.0,-251.83754027273676,0.26632883411513686,1000.0,1
9096,9096,880.0992805414974,1.0540338748617506,cloud,2.0,998.4594761227704,1.31178762939534,cloud,5.0,118.36019558127305,0.2577537545335895,1000.0,1
9447,9447,1091.2168162467813,0.9128939361178028,cloud,2.0,1241.7224505954932,1.3156928268860373,cloud,5.0,150.50563434871196,0.4027988907682345,1000.0,1
9854,9854,936.7085809257953,0.972215864548573,cloud,2.0,718.3827290481507,0.9208921042110432,cloud,2.0,-218.3258518776446,-0.05132376033752983,1000.0,1
9858,9858,1086.703366731505,0.9098249437030248,cloud,2.0,9944.27601739382,2.2790345981425486,cloud,7.0,8857.572650662316,1.3692096544395238,1000.0,1
9992,9992,1009.9290041500971,0.9431237312184214,cloud,2.0,987.6475299303786,1.3175130934737989,cloud,5.0,-22.28147421971846,0.37438936225537744,1000.0,1
2250,2250,6133.063603758593,0.8664383661213346,cloud,3.0,0.04097984642400437,1.3100328368754681,cloud,5.0,-6133.0226239121685,0.4435944707541335,6000.0,1
2719,2719,6144.8730412779405,0.9134738158180602,cloud,3.0,0.1690272166418883,0.5999511175943522,cloud,2.0,-6144.704014061299,-0.31352269822370804,6000.0,1
2916,2916,6074.688235009546,1.015253745269184,cloud,3.0,0.09910976893067948,1.8009153499085568,cloud,5.0,-6074.589125240615,0.7856616046393727,6000.0,1
4946,4946,5893.166889428603,0.9804205066221432,cloud,3.0,0.1662868461706016,2.05927340153468,cloud,5.0,-5893.000602582432,1.0788528949125367,6000.0,1
5388,5388,6057.377778633588,0.9864065459861218,cloud,3.0,0.1006239819533037,0.8842261265132715,cloud,2.0,-6057.277154651634,-0.10218041947285028,6000.0,1
7423,7423,5997.314065079956,0.938337796836358,cloud,3.0,0.04109479140440327,0.8851268629237607,cloud,2.0,-5997.272970288552,-0.053210933912597236,6000.0,1
8427,8427,6020.488863035059,0.9874297123412475,cloud,3.0,0.2615048094400188,0.9946955343512958,cloud,2.0,-6020.227358225618,0.007265822010048217,6000.0,1
9390,9390,5947.734276933291,0.998221846524473,cloud,3.0,0.28269488446646235,1.9788723520734572,cloud,5.0,-5947.451582048824,0.9806505055489843,6000.0,1
9678,9678,5902.67818046819,0.8773792388608592,cloud,3.0,0.3684031947796429,1.2489890409567035,cloud,2.0,-5902.30977727341,0.37160980209584427,6000.0,1
317,317,9048.903511822038,1.090231770587866,cloud,4.0,6284.538507301766,1.8842307996414145,cloud,6.0,-2764.365004520272,0.7939990290535486,9000.0,1
233,233,8902.250304469782,0.9542414531437432,cloud,4.0,3624.2625494865742,0.7606514935430978,cloud,3.0,-5277.987754983208,-0.1935899596006454,9000.0,1
2532,2532,8952.644818511311,1.026667838247631,cloud,4.0,9584.175270243586,1.7586394430689256,cloud,7.0,631.5304517322747,0.7319716048212945,9000.0,1
3175,3175,8904.618378355797,0.9720038429351432,cloud,4.0,11125.368372456354,2.373211478555083,cloud,7.0,2220.749994100557,1.4012076356199399,9000.0,1
4246,4246,9117.503957033156,1.021990347193509,cloud,4.0,11050.574767770808,0.8412277658756755,cloud,4.0,1933.0708107376522,-0.18076258131783352,9000.0,1
8172,8172,9107.459948131622,1.1400553998485006,cloud,4.0,9854.88370940546,1.3311257878896632,cloud,7.0,747.423761273838,0.1910703880411626,9000.0,1
40,40,11997.342312903145,0.8992180233619935,cloud,4.0,13250.260049906858,1.2907047798025948,cloud,7.0,1252.9177370037123,0.39148675644060127,12000.0,1
224,224,12053.650305298157,0.9953161698507644,cloud,4.0,11215.588032475884,0.8170179473537938,cloud,4.0,-838.0622728222734,-0.17829822249697058,12000.0,1
381,381,12097.023831999066,1.001351387493346,cloud,4.0,11405.23615855454,1.2313668052174087,cloud,4.0,-691.7876734445254,0.23001541772406275,12000.0,1
857,857,12074.483502664687,0.9480904944727662,cloud,4.0,11685.802995089023,0.051747181898996734,cloud,4.0,-388.6805075756638,-0.8963433125737694,12000.0,1
895,895,12108.639164944405,0.8934590250847122,cloud,4.0,10025.317973776906,1.4244403699438526,cloud,7.0,-2083.321191167499,0.5309813448591404,12000.0,1
1335,1335,11858.869350546245,1.0000983206840257,cloud,4.0,11161.084244614322,0.7117866927859482,cloud,4.0,-697.7851059319237,-0.2883116278980775,12000.0,1
1353,1353,12142.614798519831,0.9073182750969346,cloud,4.0,11700.621948638302,0.019173418191037458,cloud,4.0,-441.99284988152976,-0.8881448569058972,12000.0,1
1650,1650,11950.986366539097,0.9557756766521006,cloud,4.0,12449.176137313338,1.1226288020455788,cloud,4.0,498.18977077424097,0.16685312539347819,12000.0,1
1931,1931,11882.30866113247,1.0426986279458623,cloud,4.0,12349.730865104719,1.1526671689377308,cloud,4.0,467.4222039722481,0.10996854099186848,12000.0,1
2433,2433,11859.551871578686,1.0781943976314454,cloud,4.0,12401.984147040193,2.1669222023953183,cloud,7.0,542.4322754615077,1.0887278047638729,12000.0,1
2540,2540,11850.335596995652,1.120396786347357,cloud,4.0,12166.86660905536,1.257792695091526,cloud,4.0,316.5310120597078,0.13739590874416896,12000.0,1
3202,3202,11920.76514740944,1.1382652637514818,cloud,4.0,1712.6995662540603,1.226351343050648,cloud,2.0,-10208.06558115538,0.08808607929916623,12000.0,1
3606,3606,12111.662848367414,0.9819964473463336,cloud,4.0,11951.94625513437,0.8977823806638536,cloud,4.0,-159.71659323304448,-0.08421406668248,12000.0,1
3607,3607,11951.94625513437,0.8977823806638536,cloud,4.0,12320.885388732508,0.2586811643075285,cloud,4.0,368.93913359813814,-0.6391012163563251,12000.0,1
4757,4757,11995.889318305839,0.9622455161097494,cloud,4.0,8747.293351195878,2.1273026761848013,cloud,7.0,-3248.595967109961,1.165057160075052,12000.0,1
5189,5189,11876.142178161686,1.133458753024544,cloud,4.0,12823.215010309475,0.14227743751033306,cloud,4.0,947.0728321477891,-0.9911813155142108,12000.0,1
6272,6272,11993.96290061894,1.0985784026914096,cloud,4.0,12866.77490159994,0.9793501633655062,cloud,4.0,872.8120009809991,-0.11922823932590343,12000.0,1
6778,6778,12097.670262855188,1.0749385112591172,cloud,4.0,11986.587659033125,1.6300717977571868,cloud,7.0,-111.0826038220639,0.5551332864980696,12000.0,1
6858,6858,12124.742148879155,0.9417748976151372,cloud,4.0,12393.203431696676,1.8909650547428472,cloud,7.0,268.46128281752135,0.9491901571277099,12000.0,1
7628,7628,11867.49537980095,1.1101119008116211,cloud,4.0,11569.768306195412,1.4024991073894355,cloud,7.0,-297.72707360553795,0.29238720657781436,12000.0,1
7759,7759,11879.465098438812,0.9276118965530706,cloud,4.0,5008.0260166976,1.4314295886327508,cloud,6.0,-6871.439081741211,0.5038176920796802,12000.0,1
7896,7896,12110.883483520976,0.9532411588802664,cloud,4.0,13209.179196394602,1.2296077019232756,cloud,4.0,1098.2957128736252,0.2763665430430092,12000.0,1
7899,7899,12105.548049605559,1.143433993298719,cloud,4.0,12090.025775583184,0.9219403437216436,cloud,4.0,-15.522274022374404,-0.2214936495770754,12000.0,1
7900,7900,12090.025775583184,0.9219403437216436,cloud,4.0,13677.10662404894,0.9911120729754708,cloud,4.0,1587.0808484657555,0.0691717292538272,12000.0,1
8522,8522,11890.836498333198,1.0159188031019333,cloud,4.0,13183.48727716464,0.2209919465627791,cloud,4.0,1292.650778831443,-0.7949268565391542,12000.0,1
8696,8696,11946.828106320325,1.0041206181640814,cloud,4.0,12757.06469308866,0.6737499196343542,cloud,4.0,810.2365867683347,-0.3303706985297272,12000.0,1
8968,8968,12030.755256552213,0.9989038656495522,cloud,4.0,4710.680450659967,0.8011681901515151,cloud,3.0,-7320.074805892245,-0.19773567549803717,12000.0,1
9648,9648,11911.67143956694,0.8510748453157174,cloud,4.0,11717.82571271314,0.6216139684813184,cloud,4.0,-193.84572685380044,-0.22946087683439897,12000.0,1
96,96,984.850475589214,2.1226733898268884,cloud,5.0,954.3964883476937,2.3775472685307757,cloud,5.0,-30.453987241520394,0.25487387870388734,1000.0,2
219,219,963.2941106356695,2.117400710180677,cloud,5.0,1256.9889336085264,2.2272281882304465,cloud,5.0,293.69482297285685,0.10982747804976967,1000.0,2
221,221,961.745184658782,1.9017541897239036,cloud,5.0,1231.0410449286178,1.5903340534561483,cloud,5.0,269.29586026983577,-0.31142013626775533,1000.0,2
236,236,1027.0754045336778,2.0333152226131364,cloud,5.0,584.8505609366478,1.9617032615274343,cloud,5.0,-442.22484359703003,-0.071611961085702,1000.0,2
450,450,1082.4965643448165,2.0303187783660515,cloud,5.0,714.2812019612691,1.2181365721024984,cloud,2.0,-368.2153623835475,-0.8121822062635531,1000.0,2
617,617,1034.4213264401394,2.0266193114840565,cloud,5.0,2862.138497724279,1.0684343039958832,cloud,3.0,1827.7171712841398,-0.9581850074881733,1000.0,2
820,820,983.3376975760433,2.009356105821824,cloud,5.0,514.4146305315295,1.7383431914964702,cloud,5.0,-468.9230670445138,-0.2710129143253539,1000.0,2
957,957,1048.718798039392,2.035605243602018,cloud,5.0,1199.1803272560248,1.8240714029699578,cloud,5.0,150.46152921663293,-0.21153384063206015,1000.0,2
56,56,1023.3589192008667,2.1007958510242344,cloud,5.0,771.5754600564186,1.5254040556878776,cloud,5.0,-251.7834591444481,-0.5753917953363568,1000.0,2
302,302,1040.9376036177507,2.1242638732709835,cloud,5.0,993.6023850320037,1.1076664107099494,cloud,2.0,-47.33521858574704,-1.0165974625610341,1000.0,2
305,305,1010.1678586987649,1.9547217245992168,cloud,5.0,1005.7735425542967,1.058982045240959,cloud,2.0,-4.394316144468235,-0.8957396793582577,1000.0,2
628,628,1020.5832418613603,1.88996182575984,cloud,5.0,566.4529912820217,0.4911563395640466,cloud,2.0,-454.1302505793386,-1.3988054861957935,1000.0,2
665,665,933.4432091978205,2.0504974093595814,cloud,5.0,875.0621434732536,0.9812244569284816,cloud,2.0,-58.38106572456684,-1.0692729524310998,1000.0,2
1080,1080,1057.3620960850674,2.1293233603148702,cloud,5.0,1232.7764728963375,0.9987079186874596,cloud,2.0,175.41437681127013,-1.1306154416274108,1000.0,2
1183,1183,907.6358053509863,2.1453764820390258,cloud,5.0,3414.4178080796,2.8984397478062056,cloud,6.0,2506.782002728614,0.7530632657671799,1000.0,2
1421,1421,1121.6675060742411,2.0744127085686945,cloud,5.0,1328.2597188419106,2.0282361535948996,cloud,5.0,206.59221276766948,-0.046176554973794914,1000.0,2
1446,1446,909.0283347031295,2.0679513896917108,cloud,5.0,6040.525010597215,2.1637727891897662,cloud,6.0,5131.496675894086,0.09582139949805546,1000.0,2
1701,1701,1082.5997910496317,1.8692962823264765,cloud,5.0,595.3286233511644,0.7297052936322845,cloud,2.0,-487.27116769846725,-1.139590988694192,1000.0,2
2105,2105,1128.4010571983815,1.8973609095812227,cloud,5.0,1150.4288430466572,2.755110145097968,cloud,5.0,22.0277858482757,0.8577492355167453,1000.0,2
2281,2281,1111.1192307953945,1.8851106629265184,cloud,5.0,885.8278550686052,1.8693596418527,cloud,5.0,-225.29137572678928,-0.015751021073818317,1000.0,2
2282,2282,885.8278550686052,1.8693596418527,cloud,5.0,1225.3035590925547,3.572227477910003,cloud,8.0,339.47570402394945,1.7028678360573029,1000.0,2
2382,2382,1138.5581486981182,2.13937313267539,cloud,5.0,1516.8322197873385,1.0016733899630768,cloud,2.0,378.27407108922034,-1.1376997427123134,1000.0,2
2491,2491,1086.6307314634628,1.9156748236214576,cloud,5.0,2191.5343353456733,3.8649073221242882,cloud,9.0,1104.9036038822105,1.9492324985028306,1000.0,2
2621,2621,1050.9394861657502,1.93743131485518,cloud,5.0,1285.4995019868836,1.0450860629599703,cloud,2.0,234.56001582113345,-0.8923452518952097,1000.0,2
2728,2728,923.686617502982,2.1158252954553447,cloud,5.0,5464.223838235679,2.8579638499474527,cloud,6.0,4540.537220732697,0.742138554492108,1000.0,2
2808,2808,1049.3266173371082,2.100127304054733,cloud,5.0,1285.154793744453,2.7346365194085647,cloud,5.0,235.8281764073447,0.6345092153538316,1000.0,2
3249,3249,877.8790663032203,1.8933905151541608,cloud,5.0,658.8607237372818,2.7233079020744717,cloud,5.0,-219.0183425659385,0.8299173869203109,1000.0,2
3460,3460,1098.006730888294,1.993578981399707,cloud,5.0,1719.0449318408691,3.5857880705797767,cloud,8.0,621.0382009525752,1.5922090891800698,1000.0,2
3488,3488,1115.1921564519826,1.9917405851036267,cloud,5.0,1086.3430717118679,1.4823624329859988,cloud,5.0,-28.849084740114677,-0.5093781521176279,1000.0,2
3497,3497,852.2503216901467,2.0381405744132706,cloud,5.0,914.3164025485553,1.5032672463223713,cloud,5.0,62.066080858408554,-0.5348733280908993,1000.0,2
3633,3633,919.4283251533702,1.9599233048794087,cloud,5.0,775.5682576526153,2.6339767575999065,cloud,5.0,-143.8600675007549,0.6740534527204978,1000.0,2
3977,3977,1130.0938764295986,1.963900613819586,cloud,5.0,636.8478345196687,0.4965484254015316,cloud,2.0,-493.2460419099299,-1.4673521884180545,1000.0,2
4041,4041,918.9107915830043,2.0396092224449385,cloud,5.0,500.9457163924155,2.411459884103638,cloud,5.0,-417.96507519058883,0.3718506616586996,1000.0,2
4599,4599,1044.406286216031,2.077702248255385,cloud,5.0,826.7933512472307,1.7117959393375195,cloud,5.0,-217.61293496880035,-0.3659063089178656,1000.0,2
4845,4845,1007.8391673525999,2.0098313644893238,cloud,5.0,1040.6457139113984,1.5415164662678662,cloud,5.0,32.80654655879846,-0.46831489822145755,1000.0,2
5210,5210,1001.9665334725656,2.0894934837873587,cloud,5.0,426.82152271735816,1.9326272734634764,cloud,5.0,-575.1450107552075,-0.15686621032388226,1000.0,2
5250,5250,1006.9983437586536,1.9329831101848383,cloud,5.0,4783.5480713673605,1.1772074073006422,cloud,3.0,3776.549727608707,-0.755775702884196,1000.0,2
5944,5944,1051.6570383151225,1.9010134242825651,cloud,5.0,605.047965494976,0.7618030358920544,cloud,2.0,-446.6090728201465,-1.1392103883905107,1000.0,2
6039,6039,936.9853090119484,2.0536838568732185,cloud,5.0,769.952374268362,0.5160439485847625,cloud,2.0,-167.03293474358645,-1.537639908288456,1000.0,2
6146,6146,974.5331086337441,2.1006297443068678,cloud,5.0,830.1868853520418,1.0736037046872091,cloud,2.0,-144.34622328170224,-1.0270260396196587,1000.0,2
6314,6314,852.6588644934598,1.9050265004340827,cloud,5.0,742.0275003255529,0.769456594427637,cloud,2.0,-110.6313641679069,-1.1355699060064457,1000.0,2
6381,6381,1047.825571218565,1.8501185510408087,cloud,5.0,1214.9984086646316,1.1366578826822815,cloud,2.0,167.17283744606652,-0.7134606683585272,1000.0,2
6414,6414,922.8572502287764,1.9361128360909952,cloud,5.0,721.0899908443274,1.1984031498251542,cloud,2.0,-201.76725938444895,-0.737709686265841,1000.0,2
6730,6730,984.6442872464596,2.0149444656869693,cloud,5.0,762.9050703498411,2.5621757260625917,cloud,5.0,-221.73921689661847,0.5472312603756224,1000.0,2
6954,6954,884.6757486035264,2.016917542003964,cloud,5.0,4315.5508657016635,1.816063230626336,cloud,6.0,3430.8751170981373,-0.20085431137762777,1000.0,2
7064,7064,856.3688165764232,2.1492557151645233,cloud,5.0,923.7800648584912,1.8915015944583025,cloud,5.0,67.41124828206796,-0.25775412070622084,1000.0,2
7065,7065,923.7800648584912,1.8915015944583025,cloud,5.0,680.9442306071362,0.6534909560702071,cloud,2.0,-242.83583425135498,-1.2380106383880953,1000.0,2
7411,7411,1007.6001809720874,1.8529883654699613,cloud,5.0,1006.9044160221097,1.9660710841333373,cloud,5.0,-0.695764949977729,0.11308271866337605,1000.0,2
7412,7412,1006.9044160221097,1.9660710841333373,cloud,5.0,495.36209420858984,1.5343704497000543,cloud,5.0,-511.54232181351983,-0.431700634433283,1000.0,2
7952,7952,1038.3076071833195,1.8811418791900905,cloud,5.0,1125.130091778388,0.0593603779773515,cloud,2.0,86.82248459506854,-1.821781501212739,1000.0,2
8032,8032,951.4849317770204,1.894018185705416,cloud,5.0,1221.1008027962935,1.9013097509160657,cloud,5.0,269.6158710192731,0.007291565210649775,1000.0,2
8300,8300,1142.2276427895595,1.9405321148061283,cloud,5.0,1587.725055605009,1.929142839224464,cloud,5.0,445.4974128154495,-0.011389275581664249,1000.0,2
8333,8333,891.1498333671345,2.0315351391770387,cloud,5.0,941.6879885801004,1.72708228158381,cloud,5.0,50.538155212965876,-0.3044528575932286,1000.0,2
8372,8372,1017.4178722576727,1.926646371851708,cloud,5.0,1327.1737874525058,1.7422117305574414,cloud,5.0,309.75591519483316,-0.18443464129426657,1000.0,2
8612,8612,946.5956824021001,2.006387762997333,cloud,5.0,1858.2386422755442,1.5961232635310894,cloud,5.0,911.642959873444,-0.41026449946624366,1000.0,2
8615,8615,1004.1240815021457,1.8590117324653108,cloud,5.0,449.8171083260687,1.0345078113295936,cloud,2.0,-554.306973176077,-0.8245039211357172,1000.0,2
8816,8816,857.7823606774461,1.88843181484402,cloud,5.0,1503.912063329181,1.0918334706810249,cloud,2.0,646.1297026517348,-0.7965983441629951,1000.0,2
8880,8880,948.4352387546865,2.0281550388473533,cloud,5.0,564.4834181010302,3.203676364490218,cloud,8.0,-383.9518206536562,1.175521325642865,1000.0,2
9259,9259,1122.4005753936576,2.0773968326178265,cloud,5.0,1113.35177093144,2.6940632498335946,cloud,5.0,-9.048804462217731,0.6166664172157681,1000.0,2
9290,9290,1079.747758113139,2.0667265589050112,cloud,5.0,753.1212164466542,2.1048780326532905,cloud,5.0,-326.62654166648485,0.03815147374827932,1000.0,2
9307,9307,1017.9768001547703,2.040271612982508,cloud,5.0,5828.952850836867,-0.06811832990629219,cloud,3.0,4810.976050682097,-2.1083899428888,1000.0,2
9369,9369,901.825702424817,1.910722291916419,cloud,5.0,379.4488335710336,2.0252965245838306,cloud,5.0,-522.3768688537834,0.11457423266741151,1000.0,2
9428,9428,892.4226225095388,1.9513559295445813,cloud,5.0,865.2384365593238,1.5266822749337945,cloud,5.0,-27.18418595021501,-0.42467365461078677,1000.0,2
9865,9865,968.9869288853478,1.9496015956527568,cloud,5.0,567.7527727016377,1.906748444890704,cloud,5.0,-401.23415618371007,-0.04285315076205287,1000.0,2
9874,9874,1111.213925222958,1.9020554893836112,cloud,5.0,978.7942761691144,1.3372295056506678,cloud,5.0,-132.41964905384373,-0.5648259837329435,1000.0,2
9917,9917,1039.5329467871138,2.1281649798156708,cloud,5.0,501.56541154863464,0.5544141651373959,cloud,2.0,-537.9675352384792,-1.5737508146782748,1000.0,2
9923,9923,1087.813582880815,1.9939895416068645,cloud,5.0,746.9814989125888,1.7489011672458905,cloud,5.0,-340.83208396822613,-0.24508837436097397,1000.0,2
3174,3174,5931.271436514102,1.887330482277256,cloud,6.0,8904.618378355797,0.9720038429351432,cloud,4.0,2973.3469418416953,-0.9153266393421129,6000.0,2
5168,5168,6100.817818603448,1.9094110811970588,cloud,6.0,8625.183645357192,1.3519164927993959,cloud,7.0,2524.365826753744,-0.557494588397663,6000.0,2
8433,8433,6041.50722837666,1.904038172703126,cloud,6.0,7353.817646000755,2.1029087006642717,cloud,6.0,1312.310417624095,0.1988705279611458,6000.0,2
331,331,8934.100566445897,2.0416478685397625,cloud,7.0,8784.136722738505,1.5631315516356028,cloud,7.0,-149.9638437073918,-0.47851631690415974,9000.0,2
1251,1251,9051.894977152206,1.9877052838995164,cloud,7.0,7501.595305199052,3.1699549314652016,cloud,9.0,-1550.2996719531538,1.1822496475656852,9000.0,2
1982,1982,8879.77134761527,2.060392782465515,cloud,7.0,5172.4787138941665,1.8397639007239224,cloud,6.0,-3707.292633721103,-0.22062888174159245,9000.0,2
3772,3772,9090.084519506663,2.028930166100913,cloud,7.0,6900.611942031787,3.2089198463527566,cloud,9.0,-2189.472577474876,1.1799896802518437,9000.0,2
6392,6392,9047.348098289709,2.1083518659455134,cloud,7.0,5507.420993213421,2.10685207383032,cloud,6.0,-3539.927105076288,-0.0014997921151933546,9000.0,2
7337,7337,9127.910702868154,2.007588162545711,cloud,7.0,6275.942387539715,3.048690705804425,cloud,6.0,-2851.9683153284386,1.041102543258714,9000.0,2
7484,7484,8940.473897280433,2.0708040580132465,cloud,7.0,9888.837966957086,0.8293962053005579,cloud,4.0,948.3640696766524,-1.2414078527126886,9000.0,2
7995,7995,8941.198922430169,2.0630032047342164,cloud,7.0,8153.401238510295,1.3236926065918622,cloud,7.0,-787.7976839198736,-0.7393105981423542,9000.0,2
710,710,12100.27188373797,2.0154447186601003,cloud,7.0,12734.827996730724,0.6451980578243415,cloud,4.0,634.5561129927537,-1.3702466608357589,12000.0,2
768,768,11979.457788055759,2.1066431646904094,cloud,7.0,12617.236653682714,1.4770742732870812,cloud,7.0,637.7788656269549,-0.6295688914033282,12000.0,2
688,688,12062.480777248778,2.1386032359002924,cloud,7.0,11748.053628359585,2.197338921605636,cloud,7.0,-314.42714888919363,0.0587356857053436,12000.0,2
1200,1200,11970.7520738319,2.1349470465199407,cloud,7.0,12296.150133431129,1.9733285696449523,cloud,7.0,325.3980595992289,-0.16161847687498843,12000.0,2
1545,1545,11915.204697180425,2.0510780210205617,cloud,7.0,3832.699131577462,0.8725836219473633,cloud,3.0,-8082.505565602963,-1.1784943990731984,12000.0,2
1748,1748,11941.899033466574,1.9590253206108736,cloud,7.0,11627.063800487136,1.483953722789097,cloud,7.0,-314.83523297943793,-0.47507159782177655,12000.0,2
2090,2090,12001.662212388948,2.0254275143644938,cloud,7.0,11096.977904237625,1.581397720064738,cloud,7.0,-904.6843081513234,-0.44402979429975575,12000.0,2
2350,2350,12058.338930280042,1.9788587861525428,cloud,7.0,11232.692383396101,1.2599255984660809,cloud,4.0,-825.6465468839415,-0.718933187686462,12000.0,2
2525,2525,11940.738223694476,2.1157533432450317,cloud,7.0,12477.447679010236,1.6340915849054136,cloud,7.0,536.7094553157604,-0.4816617583396181,12000.0,2
2546,2546,11869.952006908392,1.9191988541926603,cloud,7.0,11538.444930677993,2.732341578393353,cloud,7.0,-331.5070762303985,0.8131427242006928,12000.0,2
2796,2796,11874.834531461252,1.9483122839365,cloud,7.0,12087.32974632348,3.640190206309263,cloud,10.0,212.49521486222693,1.6918779223727631,12000.0,2
3472,3472,12084.62816981838,2.0942373280231275,cloud,7.0,11692.274473752916,1.9941250263734396,cloud,7.0,-392.35369606546374,-0.10011230164968787,12000.0,2
3786,3786,11939.743396334428,2.098792013373397,cloud,7.0,10060.907029254,1.6561596758717596,cloud,7.0,-1878.8363670804283,-0.44263233750163744,12000.0,2
4324,4324,11942.878427898764,1.8700905659392184,cloud,7.0,5888.535853218375,1.2333819931980001,cloud,3.0,-6054.342574680389,-0.6367085727412183,12000.0,2
4542,4542,11961.393010761914,2.017769627414946,cloud,7.0,11599.966119513467,1.478803162865794,cloud,7.0,-361.42689124844765,-0.5389664645491521,12000.0,2
4791,4791,12093.045912846641,2.037775817257695,cloud,7.0,12331.199789890557,1.1937142844022712,cloud,4.0,238.1538770439165,-0.844061532855424,12000.0,2
4914,4914,11943.606890172676,1.942343449368535,cloud,7.0,12117.378295574563,2.469262950177266,cloud,7.0,173.77140540188702,0.5269195008087308,12000.0,2
5082,5082,11976.62976410094,2.128157972933075,cloud,7.0,12008.242437434981,1.4871946725584584,cloud,7.0,31.612673334040664,-0.6409633003746165,12000.0,2
5253,5253,12052.509417765967,1.9753914801702228,cloud,7.0,11354.26919314595,1.6081333344662907,cloud,7.0,-698.2402246200163,-0.3672581457039321,12000.0,2
6250,6250,11863.415853393142,1.9570335321058292,cloud,7.0,11632.696667738324,2.0394841115571327,cloud,7.0,-230.71918565481792,0.08245057945130352,12000.0,2
6277,6277,11891.768276698303,2.0654016167164437,cloud,7.0,11811.506239238992,1.9455335698750824,cloud,7.0,-80.26203745931161,-0.11986804684136132,12000.0,2
7095,7095,12034.25836025312,2.0125250341719623,cloud,7.0,11325.600338621894,1.9152009491296245,cloud,7.0,-708.658021631225,-0.0973240850423378,12000.0,2
8557,8557,11907.623894846687,1.94003649435394,cloud,7.0,11748.093307995638,2.201962530928536,cloud,7.0,-159.53058685104952,0.2619260365745961,12000.0,2
8966,8966,12095.597679452461,2.095502583272165,cloud,7.0,12461.15270072769,2.2225142758505303,cloud,7.0,365.5550212752296,0.1270116925783653,12000.0,2
9930,9930,11986.935110439743,1.8831698411934152,cloud,7.0,10908.363084892346,1.9009052726521043,cloud,7.0,-1078.572025547397,0.017735431458689055,12000.0,2
98,98,854.1318590181288,2.876017604094163,cloud,5.0,3821.205423642852,3.3481156657878928,cloud,9.0,2967.073564624723,0.4720980616937296,1000.0,3
782,782,900.3273546334557,3.0411781089949947,cloud,5.0,1530.1326662599954,0.7823992876428933,cloud,2.0,629.8053116265397,-2.2587788213521014,1000.0,3
1109,1109,1142.1200619390406,3.0208052328066515,cloud,5.0,595.2455456341728,2.004339528513046,cloud,5.0,-546.8745163048678,-1.0164657042936054,1000.0,3
1179,1179,1044.1569885135543,2.9350389362965386,cloud,5.0,1013.7943289917903,1.4415456509697944,cloud,5.0,-30.362659521764044,-1.4934932853267442,1000.0,3
1255,1255,878.1889752232935,2.9185017682044725,cloud,5.0,1052.006323462368,2.78112151894716,cloud,5.0,173.8173482390746,-0.1373802492573124,1000.0,3
2357,2357,1110.506096594752,2.939309474521664,cloud,5.0,1766.0054139034594,0.2396000595158385,cloud,2.0,655.4993173087073,-2.6997094150058256,1000.0,3
2725,2725,874.8835823791771,3.0178706300454485,cloud,5.0,1531.3486247497572,1.948139671405115,cloud,5.0,656.46504237058,-1.0697309586403336,1000.0,3
3247,3247,900.7177355138971,3.10922682985796,cloud,5.0,1198.7504550498095,3.400614618318288,cloud,8.0,298.0327195359124,0.291387788460328,1000.0,3
3271,3271,935.9507314798407,2.955492553207478,cloud,5.0,746.2083023363858,2.096996292268292,cloud,5.0,-189.74242914345484,-0.858496260939186,1000.0,3
3308,3308,1132.7210101462522,2.9490079267471643,cloud,5.0,1495.0150254530652,1.1904260188152958,cloud,2.0,362.294015306813,-1.7585819079318685,1000.0,3
3535,3535,939.5958412759129,2.851012402511484,cloud,5.0,693.1177873855562,1.3916047881100648,cloud,5.0,-246.4780538903567,-1.4594076144014192,1000.0,3
3661,3661,1130.0384489619125,2.928720090927791,cloud,5.0,658.9682164775339,1.217895955811476,cloud,2.0,-471.0702324843786,-1.710824135116315,1000.0,3
3892,3892,993.5827665183507,2.9345491928094734,cloud,5.0,1531.6306243975555,1.0751850661349411,cloud,2.0,538.0478578792048,-1.8593641266745322,1000.0,3
4040,4040,870.9496107208145,3.146248001320958,cloud,8.0,918.9107915830043,2.0396092224449385,cloud,5.0,47.96118086218985,-1.1066387788760195,1000.0,3
4097,4097,982.1584331762596,2.883577405555356,cloud,5.0,1344.372969720765,0.8331373138950173,cloud,2.0,362.21453654450545,-2.0504400916603385,1000.0,3
4861,4861,1017.2512110613812,2.9499260301354533,cloud,5.0,710.4435035989845,2.942665887630404,cloud,5.0,-306.8077074623967,-0.007260142505049139,1000.0,3
4863,4863,984.9669723143124,2.8918152819747203,cloud,5.0,1558.1092901895554,2.316851257713945,cloud,5.0,573.142317875243,-0.5749640242607752,1000.0,3
5284,5284,1063.388522696684,2.8822151109043532,cloud,5.0,1284.6648000178884,2.0341663364514675,cloud,5.0,221.27627732120436,-0.8480487744528857,1000.0,3
5314,5314,918.3977277158156,2.957501533036329,cloud,5.0,1364.3999183871192,1.6777048599095872,cloud,5.0,446.00219067130365,-1.2797966731267418,1000.0,3
6312,6312,975.2082892479524,2.9668112916493734,cloud,5.0,619.6582626892944,1.5417238432506055,cloud,5.0,-355.55002655865803,-1.4250874483987679,1000.0,3
7842,7842,1083.8109588377251,3.148278435395385,cloud,8.0,773.499276734952,3.6953632240378815,cloud,8.0,-310.31168210277315,0.5470847886424965,1000.0,3
8052,8052,985.9804325838215,2.9245759922930907,cloud,5.0,1244.1480184991553,1.1525338051107892,cloud,2.0,258.1675859153338,-1.7720421871823016,1000.0,3
8139,8139,1060.187900336649,3.0352617361163907,cloud,5.0,981.1045888457919,1.7057592072623742,cloud,5.0,-79.083311490857,-1.3295025288540165,1000.0,3
9427,9427,900.4874154036424,3.1412689392932003,cloud,8.0,892.4226225095388,1.9513559295445813,cloud,5.0,-8.064792894103675,-1.189913009748619,1000.0,3
9441,9441,941.8727042152684,2.9456427710210584,cloud,5.0,716.9933262748026,2.5005670617379097,cloud,5.0,-224.87937794046582,-0.44507570928314877,1000.0,3
644,644,6134.071828546541,2.8821606223144443,cloud,6.0,2936.7192709317865,3.1366305853330307,cloud,9.0,-3197.3525576147545,0.2544699630185865,6000.0,3
859,859,5951.720897688427,3.0424930692470133,cloud,6.0,12218.576626570082,3.679143814910344,cloud,10.0,6266.8557288816555,0.6366507456633306,6000.0,3
487,487,5869.556938515583,3.1253363872685207,cloud,6.0,2459.261581352345,3.3351946182220544,cloud,9.0,-3410.2953571632384,0.20985823095353373,6000.0,3
1127,1127,5854.155580731039,3.1493309005497125,cloud,9.0,4887.7648865944875,3.608462496469313,cloud,9.0,-966.3906941365512,0.4591315959196005,6000.0,3
3769,3769,6147.146630881631,3.0727973875474293,cloud,6.0,3603.400611554583,3.5084293783265066,cloud,9.0,-2543.7460193270476,0.4356319907790773,6000.0,3
7582,7582,5917.913206333814,2.8972938465094917,cloud,6.0,7335.969660717818,3.397313675823301,cloud,9.0,1418.0564543840046,0.5000198293138092,6000.0,3
560,560,9014.06406226912,2.9013175384411385,cloud,7.0,9430.15080441779,2.5301203556719045,cloud,7.0,416.08674214866915,-0.37119718276923397,9000.0,3
709,709,8918.121906519416,3.0481010024174213,cloud,7.0,9056.839043034292,4.585077261515707,cloud,10.0,138.71713651487516,1.5369762590982856,9000.0,3
8667,8667,8942.268574687396,3.0016046342279927,cloud,7.0,8900.70456002462,3.858254348619589,cloud,10.0,-41.56401466277566,0.8566497143915961,9000.0,3
8672,8672,8928.170045066352,3.1393066607500786,cloud,10.0,3936.168677586624,3.2630724391578965,cloud,9.0,-4992.001367479728,0.12376577840781788,9000.0,3
78,78,12147.905621999014,2.898055959857787,cloud,7.0,11061.230678424077,3.2651599672545126,cloud,10.0,-1086.674943574937,0.3671040073967258,12000.0,3
694,694,11963.771577204008,2.8563022697405485,cloud,7.0,11862.93837133181,2.695117514872652,cloud,7.0,-100.83320587219896,-0.16118475486789663,12000.0,3
1692,1692,11966.23636789393,3.093763284004348,cloud,7.0,11716.229384556298,3.284701490893527,cloud,10.0,-250.00698333763103,0.19093820688917873,12000.0,3
1694,1694,12123.28529163906,3.1138410467914683,cloud,7.0,11948.122361001335,3.1679537436741385,cloud,10.0,-175.16293063772537,0.054112696882670175,12000.0,3
2310,2310,12088.700085663571,3.1483897617796104,cloud,10.0,11367.595323213467,3.112446309759115,cloud,7.0,-721.1047624501043,-0.035943452020495315,12000.0,3
3384,3384,12093.731858598401,2.9333073620753347,cloud,7.0,11722.903561577783,3.2542738506795343,cloud,10.0,-370.82829702061827,0.32096648860419963,12000.0,3
4910,4910,12010.789079146787,2.895775318582514,cloud,7.0,11785.870635958936,4.313463133624031,cloud,10.0,-224.91844318785115,1.4176878150415173,12000.0,3
5937,5937,11949.69094375196,2.9525997875121064,cloud,7.0,12235.887774168721,2.2457132621538807,cloud,7.0,286.19683041676035,-0.7068865253582257,12000.0,3
9155,9155,11910.472582224093,2.878274042708989,cloud,7.0,11571.070363244975,3.178811783834485,cloud,10.0,-339.4022189791176,0.3005377411254959,12000.0,3
