g,from,0.0,1.0,2.0,3.0,4.0,5.0,6.0,7.0,8.0,9.0,10.0
-26.0,0.0,0.16785714285714284,0.4023809523809524,0.14761904761904762,0.025,0.10119047619047619,0.10595238095238095,0.009523809523809525,0.02857142857142857,0.010714285714285714,0.0,0.0011904761904761906
-26.0,1.0,0.000785115814648248,0.9320653377407185,0.029073442551666658,0.0027700496434768956,0.022852909558684388,0.007468665826525641,0.0003583349102753542,0.004541593020119096,4.831481936296911e-05,8.052469893828185e-06,2.8183644628398645e-05
-26.0,2.0,0.005175983436853002,0.4249482401656315,0.2608695652173913,0.07608695652173914,0.16925465838509315,0.040372670807453416,0.002587991718426501,0.019668737060041408,0.0010351966873706005,0.0,0.0
-26.0,3.0,0.010482180293501049,0.14675052410901468,0.1719077568134172,0.24528301886792453,0.3584905660377358,0.020964360587002098,0.0220125786163522,0.020964360587002098,0.0,0.0010482180293501049,0.0020964360587002098
-26.0,4.0,0.0020597322348094747,0.4727085478887745,0.18280123583934088,0.07878475798146241,0.17713697219361482,0.03913491246138002,0.010813594232749742,0.03398558187435633,0.0010298661174047373,0.0005149330587023687,0.0010298661174047373
-26.0,5.0,0.0,0.6334134615384616,0.0829326923076923,0.009615384615384616,0.038461538461538464,0.15985576923076922,0.003605769230769231,0.07091346153846154,0.0,0.0,0.001201923076923077
-26.0,6.0,0.0,0.23026315789473684,0.05263157894736842,0.09868421052631579,0.1513157894736842,0.05263157894736842,0.19078947368421054,0.20394736842105263,0.0,0.006578947368421052,0.013157894736842105
-26.0,7.0,0.0,0.5769230769230769,0.04959514170040486,0.01720647773279352,0.057692307692307696,0.1305668016194332,0.03340080971659919,0.12753036437246965,0.003036437246963563,0.0010121457489878543,0.003036437246963563
-26.0,8.0,0.0,0.2857142857142857,0.07142857142857142,0.0,0.07142857142857142,0.14285714285714285,0.0,0.42857142857142855,0.0,0.0,0.0
-26.0,9.0,0.0,0.0,0.0,0.0,0.25,0.0,0.25,0.0,0.25,0.25,0.0
-26.0,10.0,0.0,0.14285714285714285,0.0,0.0,0.0,0.5714285714285714,0.14285714285714285,0.14285714285714285,0.0,0.0,0.0
-25.0,0.0,0.08045977011494253,0.3448275862068966,0.10344827586206896,0.16091954022988506,0.2413793103448276,0.04597701149425287,0.011494252873563218,0.011494252873563218,0.0,0.0,0.0
-25.0,1.0,0.001197339246119734,0.7114412416851441,0.15791574279379159,0.01687361419068736,0.04940133037694013,0.047228381374722836,0.0026385809312638583,0.01254988913525499,0.0007095343680709534,0.0,4.434589800443459e-05
-25.0,2.0,0.0018616773713115518,0.31909150144279996,0.28260262496509353,0.11049055198734059,0.2176300847063204,0.04244624406590338,0.0062366191938936985,0.018616773713115518,0.0006515870799590431,9.308386856557759e-05,0.00027925160569673273
-25.0,3.0,0.0031199857372080585,0.06516313068283117,0.12471028703868782,0.2955963629880549,0.44606881797111786,0.011766803351756106,0.023890176502050275,0.028258156534141557,0.00026742734890354786,0.0004457122481725798,0.0007131395970761277
-25.0,4.0,0.00231839258114374,0.22302936630602782,0.23091190108191653,0.1794435857805255,0.2777434312210201,0.04126738794435858,0.015146831530139104,0.02751159196290572,0.0006182380216383308,0.0007727975270479134,0.0012364760432766616
-25.0,5.0,0.0005393743257820927,0.5814455231930961,0.1429341963322546,0.010248112189859764,0.06796116504854369,0.1418554476806904,0.0037756202804746495,0.04854368932038835,0.0016181229773462784,0.0005393743257820927,0.0005393743257820927
-25.0,6.0,0.0,0.2159090909090909,0.11079545454545454,0.24147727272727273,0.2727272727272727,0.03977272727272727,0.06534090909090909,0.048295454545454544,0.0,0.002840909090909091,0.002840909090909091
-25.0,7.0,0.002277904328018223,0.4305239179954442,0.1788154897494305,0.04669703872437358,0.09908883826879271,0.14578587699316628,0.014806378132118452,0.0785876993166287,0.002277904328018223,0.0,0.0011389521640091116
-25.0,8.0,0.0,0.5714285714285714,0.14285714285714285,0.0,0.0,0.07142857142857142,0.0,0.21428571428571427,0.0,0.0,0.0
-25.0,9.0,0.0,0.0,0.0,0.0,1.0,0.0,0.0,0.0,0.0,0.0,0.0
-25.0,10.0,0.1111111111111111,0.1111111111111111,0.3333333333333333,0.1111111111111111,0.1111111111111111,0.0,0.0,0.2222222222222222,0.0,0.0,0.0
-24.0,0.0,0.25252525252525254,0.20202020202020202,0.23232323232323232,0.10101010101010101,0.1919191919191919,0.010101010101010102,0.010101010101010102,0.0,0.0,0.0,0.0
-24.0,1.0,0.0013540961408259986,0.6068666927983466,0.2446637921818765,0.02766988561451021,0.04791005950896198,0.057370915440259414,0.0037059473327869436,0.009389587713359227,0.000873035669743078,8.908527242276306e-05,0.00010690232690731568
-24.0,2.0,0.002318437373210456,0.45829710774937693,0.31994435750304295,0.042311482061090824,0.09447632295832609,0.059178113951196896,0.00539036689271431,0.016518866284124502,0.0014490233582565351,0.0,0.0001159218686605228
-24.0,3.0,0.002632308118592408,0.13812690495982266,0.11928512053200332,0.27015793848711556,0.30701025214740923,0.020919922416181767,0.06691604322527016,0.07176503186478249,0.00041562759767248546,0.0018010529232474369,0.0009697977279024661
-24.0,4.0,0.00228310502283105,0.22488584474885845,0.2420091324200913,0.14589041095890412,0.2182648401826484,0.06712328767123288,0.04360730593607306,0.05182648401826484,0.00228310502283105,0.0009132420091324201,0.0009132420091324201
-24.0,5.0,0.0009334163036714375,0.477286869943995,0.194150591163659,0.028002489110143122,0.06627255756067206,0.17050404480398257,0.013690105787181083,0.040136901057871814,0.0074673304293715,0.0,0.0015556938394523958
-24.0,6.0,0.0,0.10777385159010601,0.08392226148409894,0.25530035335689044,0.28003533568904593,0.045936395759717315,0.11749116607773852,0.10335689045936396,0.0008833922261484099,0.0017667844522968198,0.0035335689045936395
-24.0,7.0,0.0,0.2639269406392694,0.1954337899543379,0.08310502283105023,0.16164383561643836,0.14063926940639268,0.047488584474885846,0.09771689497716896,0.0073059360730593605,0.0018264840182648401,0.0009132420091324201
-24.0,8.0,0.0,0.29411764705882354,0.2647058823529412,0.029411764705882353,0.08823529411764706,0.23529411764705882,0.0,0.058823529411764705,0.029411764705882353,0.0,0.0
-24.0,9.0,0.0,0.18181818181818182,0.09090909090909091,0.0,0.36363636363636365,0.0,0.09090909090909091,0.18181818181818182,0.0,0.09090909090909091,0.0
-24.0,10.0,0.0,0.09090909090909091,0.2727272727272727,0.09090909090909091,0.09090909090909091,0.0,0.09090909090909091,0.2727272727272727,0.0,0.0,0.09090909090909091
-23.0,0.0,0.26732673267326734,0.22772277227722773,0.1188118811881188,0.2079207920792079,0.12871287128712872,0.009900990099009901,0.0297029702970297,0.009900990099009901,0.0,0.0,0.0
-23.0,1.0,0.0013525393927098126,0.4897207006154054,0.30110908230202205,0.03847974572259417,0.03915601541894908,0.10519375126800568,0.008115236356258876,0.01386352877527558,0.0024007574220599173,0.0003719483329951985,0.0002366943937242172
-23.0,2.0,0.001806942463147884,0.4133618640038041,0.38231098430813126,0.034902520209224915,0.06709462672372801,0.08074179743223965,0.005896338563956253,0.012363290537327628,0.0011412268188302425,9.51022349025202e-05,0.0002853067047075606
-23.0,3.0,0.0036852773171181133,0.1822369633314907,0.14833241201400404,0.26460291136908054,0.22037958356366316,0.026902524414962225,0.08973650267182605,0.058595909342177996,0.0014741109268472453,0.0029482218536944905,0.001105583195135434
-23.0,4.0,0.001327433628318584,0.1831858407079646,0.2411504424778761,0.13672566371681416,0.1920353982300885,0.09911504424778761,0.07212389380530973,0.06592920353982301,0.0048672566371681415,0.0017699115044247787,0.0017699115044247787
-23.0,5.0,0.001243523316062176,0.42901554404145076,0.23917098445595855,0.02155440414507772,0.05699481865284974,0.1873575129533679,0.01595854922279793,0.04248704663212435,0.005595854922279792,0.000621761658031088,0.0
-23.0,6.0,0.001145475372279496,0.09450171821305842,0.06471935853379153,0.20504009163802978,0.22050400916380297,0.05555555555555555,0.20904925544100803,0.13917525773195877,0.0028636884306987398,0.0028636884306987398,0.004581901489117984
-23.0,7.0,0.0010559662090813093,0.15522703273495247,0.1678986272439282,0.10242872228088701,0.16050686378035903,0.15945089757127773,0.10454065469904963,0.12882787750791974,0.012671594508975714,0.004223864836325237,0.0031678986272439284
-23.0,8.0,0.0,0.20930232558139536,0.18604651162790697,0.046511627906976744,0.06976744186046512,0.3023255813953488,0.023255813953488372,0.11627906976744186,0.023255813953488372,0.023255813953488372,0.0
-23.0,9.0,0.0,0.0,0.0625,0.375,0.1875,0.0625,0.125,0.125,0.0,0.0,0.0625
-23.0,10.0,0.0,0.16666666666666666,0.2916666666666667,0.041666666666666664,0.16666666666666666,0.16666666666666666,0.041666666666666664,0.125,0.0,0.0,0.0
-22.0,0.0,0.1557377049180328,0.22950819672131148,0.2786885245901639,0.09836065573770492,0.14754098360655737,0.05737704918032787,0.00819672131147541,0.02459016393442623,0.0,0.0,0.0
-22.0,1.0,0.0018478078279858894,0.40013438602385354,0.3600985497508259,0.048602945293689456,0.03600425555742203,0.12481101965395598,0.01226272467663363,0.012150736323422364,0.003471638949549247,0.0003919592362394311,0.00022397670642253207
-22.0,2.0,0.0019154467095361882,0.3100629361061705,0.4374059378847996,0.05951566561773156,0.07699411684224929,0.09047065262005746,0.00865371459844028,0.012142563962238336,0.0022916951703379393,0.0002052264331645916,0.0003420440552743193
-22.0,3.0,0.0029288702928870294,0.1003347280334728,0.16393305439330544,0.34351464435146445,0.25347280334728034,0.021338912133891212,0.06677824267782427,0.044602510460251044,0.00041841004184100416,0.0016736401673640166,0.0010041841004184101
-22.0,4.0,0.0013245033112582781,0.1185430463576159,0.2370860927152318,0.17350993377483442,0.18874172185430463,0.0880794701986755,0.0781456953642384,0.09072847682119205,0.008609271523178808,0.006622516556291391,0.008609271523178808
-22.0,5.0,0.0020003333888981498,0.34405734289048173,0.27571261876979497,0.02783797299549925,0.048841473578929824,0.23370561760293382,0.019836639439906652,0.040340056676112686,0.006667777962993832,0.0005000833472245374,0.0005000833472245374
-22.0,6.0,0.0,0.05591836734693877,0.07795918367346939,0.21142857142857144,0.17877551020408164,0.060816326530612246,0.23591836734693877,0.16653061224489796,0.0012244897959183673,0.007755102040816327,0.003673469387755102
-22.0,7.0,0.0,0.10834132310642378,0.13998082454458294,0.10930009587727708,0.14093959731543623,0.1629913710450623,0.1476510067114094,0.1601150527325024,0.014381591562799617,0.010546500479386385,0.005752636625119847
-22.0,8.0,0.0,0.2692307692307692,0.2692307692307692,0.038461538461538464,0.02564102564102564,0.2692307692307692,0.01282051282051282,0.07692307692307693,0.038461538461538464,0.0,0.0
-22.0,9.0,0.0,0.0,0.15789473684210525,0.05263157894736842,0.15789473684210525,0.15789473684210525,0.3157894736842105,0.0,0.05263157894736842,0.10526315789473684,0.0
-22.0,10.0,0.0,0.06896551724137931,0.3103448275862069,0.1724137931034483,0.1724137931034483,0.10344827586206896,0.034482758620689655,0.10344827586206896,0.0,0.034482758620689655,0.0
-21.0,0.0,0.16853932584269662,0.21348314606741572,0.21348314606741572,0.2247191011235955,0.12359550561797752,0.033707865168539325,0.02247191011235955,0.0,0.0,0.0,0.0
-21.0,1.0,0.002073920450337012,0.3110880675505518,0.4192282053181246,0.05303310865861788,0.03266424709280794,0.15376638767498704,0.013406414339678542,0.010517739426709133,0.0037034293756018073,0.00022220576253610843,0.00029627435004814457
-21.0,2.0,0.0017852522639068564,0.25177231565329883,0.49922380336351874,0.05042690815006468,0.05275549805950841,0.12173350582147477,0.009003880983182406,0.010245795601552393,0.0024838292367399743,0.00018111254851228977,0.00038809831824062095
-21.0,3.0,0.003644939965694683,0.12114065180102916,0.15780445969125215,0.37414236706689535,0.1773156089193825,0.03280445969125215,0.08855060034305318,0.04148799313893654,0.00032161234991423673,0.0017152658662092624,0.001072041166380789
-21.0,4.0,0.002070393374741201,0.10351966873706005,0.19668737060041408,0.2028985507246377,0.14699792960662525,0.09730848861283643,0.11387163561076605,0.12422360248447205,0.006211180124223602,0.004140786749482402,0.002070393374741201
-21.0,5.0,0.000227842333105491,0.29961266803372066,0.32102984734563683,0.023695602642971065,0.03873319662793347,0.26144907723855093,0.01697425381635908,0.03087263613579403,0.00580997949419002,0.0005696058327637275,0.0010252904989747095
-21.0,6.0,0.0019561815336463224,0.07550860719874804,0.09115805946791862,0.21752738654147105,0.1298904538341158,0.06964006259780908,0.2519561815336463,0.15101721439749607,0.002347417840375587,0.005477308294209703,0.0035211267605633804
-21.0,7.0,0.0,0.06208053691275168,0.12751677852348994,0.13758389261744966,0.10067114093959731,0.15771812080536912,0.20973154362416108,0.18624161073825504,0.008389261744966443,0.0050335570469798654,0.0050335570469798654
-21.0,8.0,0.0,0.25892857142857145,0.30357142857142855,0.017857142857142856,0.026785714285714284,0.26785714285714285,0.0625,0.017857142857142856,0.03571428571428571,0.0,0.008928571428571428
-21.0,9.0,0.0,0.06060606060606061,0.15151515151515152,0.21212121212121213,0.12121212121212122,0.030303030303030304,0.18181818181818182,0.15151515151515152,0.030303030303030304,0.06060606060606061,0.0
-21.0,10.0,0.0,0.0,0.07692307692307693,0.23076923076923078,0.23076923076923078,0.3076923076923077,0.15384615384615385,0.0,0.0,0.0,0.0
-20.0,0.0,0.21994134897360704,0.08211143695014662,0.3255131964809384,0.19941348973607037,0.12023460410557185,0.01466275659824047,0.02346041055718475,0.011730205278592375,0.002932551319648094,0.0,0.0
-20.0,1.0,0.0016952983725135623,0.2172242314647378,0.48180379746835444,0.07674050632911393,0.03514918625678119,0.15449819168173598,0.015370705244122965,0.01005877034358047,0.005650994575045208,0.0007911392405063291,0.0010171790235081375
-20.0,2.0,0.0037252449257233642,0.11258822347817353,0.6470056517809045,0.07372880582160825,0.04766122184381363,0.09854551098855949,0.009148763273467673,0.005642650402198625,0.0016891429197520155,0.00012782703176501738,0.00013695753403394721
-20.0,3.0,0.002680813838643226,0.05231819849310043,0.18576628947145638,0.4884725004938341,0.15356830431469934,0.02209554984902785,0.0721562208990603,0.02012021333634337,0.0004232863955752462,0.0019188983266077827,0.0004797245816519457
-20.0,4.0,0.0,0.060810810810810814,0.17567567567567569,0.17905405405405406,0.09121621621621621,0.13851351351351351,0.22635135135135134,0.11486486486486487,0.006756756756756757,0.0033783783783783786,0.0033783783783783786
-20.0,5.0,0.001366960563187752,0.18009705419998634,0.44938828514797347,0.03328548971362176,0.03629280295263482,0.2470097737680268,0.019547536053584853,0.024126853940263822,0.007518283097532636,0.000683480281593876,0.000683480281593876
-20.0,6.0,0.0023645743766122097,0.04170249355116079,0.09329320722269992,0.25,0.10554600171969046,0.0588993981083405,0.28611349957007737,0.14810834049871024,0.0017196904557179708,0.008598452278589854,0.003654342218400688
-20.0,7.0,0.0015290519877675841,0.02599388379204893,0.0871559633027523,0.09174311926605505,0.09938837920489296,0.14984709480122324,0.28287461773700306,0.2308868501529052,0.010703363914373088,0.009174311926605505,0.010703363914373088
-20.0,8.0,0.005,0.195,0.29,0.02,0.035,0.35,0.015,0.025,0.045,0.01,0.01
-20.0,9.0,0.0,0.03389830508474576,0.11864406779661017,0.288135593220339,0.03389830508474576,0.11864406779661017,0.2542372881355932,0.06779661016949153,0.0,0.03389830508474576,0.05084745762711865
-20.0,10.0,0.0,0.047619047619047616,0.3333333333333333,0.047619047619047616,0.14285714285714285,0.23809523809523808,0.0,0.19047619047619047,0.0,0.0,0.0
-19.0,0.0,0.1694915254237288,0.03389830508474576,0.3050847457627119,0.2711864406779661,0.05084745762711865,0.06779661016949153,0.06779661016949153,0.01694915254237288,0.0,0.0,0.01694915254237288
-19.0,1.0,0.0012135922330097086,0.17354368932038836,0.39967637540453077,0.059870550161812294,0.015776699029126214,0.284789644012945,0.034385113268608415,0.01820388349514563,0.009708737864077669,0.0016181229773462784,0.0012135922330097086
-19.0,2.0,0.0022549439646424784,0.057861862132726004,0.5830946850970753,0.056328500236769115,0.026698536541366946,0.23528085327079623,0.024297021219022708,0.008568787065641419,0.004588810968047444,0.0006990326290391683,0.0003269668748731594
-19.0,3.0,0.0011248881503259619,0.016285312539946313,0.11885465933784993,0.46851591461076314,0.08019941199028506,0.045379010609740505,0.23297967531637478,0.030065192381439346,0.0010737568707656908,0.004857471558225745,0.000664706634283523
-19.0,4.0,0.0,0.01834862385321101,0.14678899082568808,0.1651376146788991,0.12844036697247707,0.11926605504587157,0.22018348623853212,0.1559633027522936,0.03669724770642202,0.0,0.009174311926605505
-19.0,5.0,0.001838363623670677,0.07295278430642496,0.4858864868638447,0.03944337141926326,0.022339608591441136,0.3236218090428874,0.029995578619132945,0.01421823005142764,0.00798175598631699,0.0011402508551881414,0.0005817606404021129
-19.0,6.0,0.0005465078150617554,0.015028964914198273,0.09132145589681932,0.34156738441359713,0.06334025576565745,0.06530768389987977,0.34528363755601704,0.06470652530331183,0.0018034757897037927,0.008908077385506613,0.0021860312602470216
-19.0,7.0,0.0,0.029684601113172542,0.06679035250463822,0.09461966604823747,0.08348794063079777,0.15769944341372913,0.300556586270872,0.23933209647495363,0.011131725417439703,0.00927643784786642,0.0074211502782931356
-19.0,8.0,0.002079002079002079,0.09563409563409564,0.35343035343035345,0.037422037422037424,0.02702702702702703,0.35550935550935553,0.033264033264033266,0.029106029106029108,0.058212058212058215,0.002079002079002079,0.006237006237006237
-19.0,9.0,0.0,0.043795620437956206,0.072992700729927,0.27007299270072993,0.06569343065693431,0.10218978102189781,0.26277372262773724,0.10218978102189781,0.014598540145985401,0.051094890510948905,0.014598540145985401
-19.0,10.0,0.0,0.0,0.16666666666666666,0.0,0.05555555555555555,0.16666666666666666,0.3888888888888889,0.1111111111111111,0.0,0.0,0.1111111111111111
-18.0,0.0,0.0958904109589041,0.0,0.0821917808219178,0.0684931506849315,0.0136986301369863,0.136986301369863,0.4657534246575342,0.1095890410958904,0.0136986301369863,0.0136986301369863,0.0
-18.0,1.0,0.0,0.16822429906542055,0.20327102803738317,0.028037383177570093,0.009345794392523364,0.46261682242990654,0.06074766355140187,0.018691588785046728,0.035046728971962614,0.014018691588785047,0.0
-18.0,2.0,0.0024390243902439024,0.03542682926829268,0.3719512195121951,0.03378048780487805,0.01274390243902439,0.4603658536585366,0.04548780487804878,0.014207317073170732,0.019329268292682927,0.003292682926829268,0.000975609756097561
-18.0,3.0,0.000446907400786557,0.005541651769753307,0.05532713621737576,0.2954057919199142,0.035484447622452626,0.06480157311405077,0.47577761887736864,0.04576331784054344,0.0033964962459778333,0.01582052198784412,0.002234537003932785
-18.0,4.0,0.0,0.0,0.07142857142857142,0.03571428571428571,0.14285714285714285,0.2857142857142857,0.21428571428571427,0.17857142857142858,0.03571428571428571,0.0,0.03571428571428571
-18.0,5.0,0.0018210438593783758,0.023827895922713664,0.22702861199419735,0.021775363437143123,0.009136084447050835,0.6170097842526003,0.06554214636254205,0.01601901293249792,0.015386277354239329,0.0018673415846168092,0.0005864378530201549
-18.0,6.0,0.0007243890350375539,0.0017029496613163546,0.02002872138981026,0.11377991281914421,0.015568009963526377,0.05432917762781654,0.7072324526287697,0.06251350286578469,0.0017029496613163546,0.020371853037985943,0.0020460813094920383
-18.0,7.0,0.003472222222222222,0.003472222222222222,0.059027777777777776,0.052083333333333336,0.05555555555555555,0.1388888888888889,0.3923611111111111,0.2465277777777778,0.010416666666666666,0.027777777777777776,0.010416666666666666
-18.0,8.0,0.002297090352220521,0.042879019908116385,0.21822358346094947,0.01761102603369066,0.01225114854517611,0.5520673813169985,0.06355283307810107,0.021439509954058193,0.05819295558958652,0.008422664624808576,0.0030627871362940277
-18.0,9.0,0.0,0.004153686396677051,0.032191069574247146,0.09034267912772585,0.01557632398753894,0.0612668743509865,0.6292834890965732,0.060228452751817235,0.009345794392523364,0.0893042575285566,0.008307372793354102
-18.0,10.0,0.0,0.0,0.1111111111111111,0.05555555555555555,0.1111111111111111,0.2777777777777778,0.16666666666666666,0.05555555555555555,0.05555555555555555,0.1111111111111111,0.05555555555555555
-17.0,0.0,0.05263157894736842,0.0,0.0,0.0,0.05263157894736842,0.0,0.3684210526315789,0.42105263157894735,0.0,0.10526315789473684,0.0
-17.0,1.0,0.0,0.21739130434782608,0.21739130434782608,0.021739130434782608,0.021739130434782608,0.30434782608695654,0.043478260869565216,0.021739130434782608,0.10869565217391304,0.043478260869565216,0.0
-17.0,2.0,0.001991040318566451,0.028372324539571926,0.2926829268292683,0.042309606769537086,0.011946241911398706,0.45196615231458437,0.06072672971627675,0.01642608262817322,0.07665505226480836,0.012941762070681932,0.003982080637132902
-17.0,3.0,0.0015936254980079682,0.007171314741035857,0.06055776892430279,0.2254980079681275,0.03824701195219123,0.0749003984063745,0.4302788844621514,0.050199203187251,0.01195219123505976,0.08525896414342629,0.014342629482071713
-17.0,4.0,0.0,0.01818181818181818,0.07272727272727272,0.05454545454545454,0.14545454545454545,0.12727272727272726,0.2727272727272727,0.23636363636363636,0.03636363636363636,0.01818181818181818,0.01818181818181818
-17.0,5.0,0.0010240178737665239,0.020945820145224354,0.1843232172779743,0.017501396388009682,0.012474399553155838,0.5857382237944517,0.06618879165890895,0.0256004468441631,0.0749394898529138,0.00893688326196239,0.0023273133494693724
-17.0,6.0,0.0018859551808298202,0.002551586421122698,0.022298646549811403,0.09795873086310185,0.024961171510982916,0.06301309074772576,0.5211892611493233,0.19048147326381185,0.007765697803416907,0.056911471045041045,0.010982915464832483
-17.0,7.0,0.0023677979479084454,0.003946329913180742,0.01578531965272297,0.030781373322809787,0.03472770323599053,0.08997632202052092,0.44672454617206,0.34175217048145223,0.004735595895816891,0.018153117600631413,0.011049723756906077
-17.0,8.0,0.0013449899125756557,0.017484868863483525,0.15870880968392737,0.01815736381977135,0.013449899125756557,0.5843981170141224,0.0605245460659045,0.022864828513786146,0.09751176866173504,0.020174848688634835,0.005379959650302623
-17.0,9.0,0.0014771048744460858,0.004431314623338257,0.051698670605613,0.11225997045790251,0.022156573116691284,0.10635155096011817,0.4726735598227474,0.06351550960118169,0.01624815361890694,0.1344165435745938,0.014771048744460856
-17.0,10.0,0.0,0.0,0.16129032258064516,0.0,0.06451612903225806,0.06451612903225806,0.22580645161290322,0.3548387096774194,0.03225806451612903,0.0,0.0967741935483871
-16.0,0.0,0.0,0.0,0.0,0.09090909090909091,0.09090909090909091,0.18181818181818182,0.45454545454545453,0.09090909090909091,0.09090909090909091,0.0,0.0
-16.0,1.0,0.0,0.15384615384615385,0.3076923076923077,0.07692307692307693,0.0,0.38461538461538464,0.07692307692307693,0.0,0.0,0.0,0.0
-16.0,2.0,0.0031545741324921135,0.01892744479495268,0.250788643533123,0.03785488958990536,0.022082018927444796,0.444794952681388,0.05993690851735016,0.022082018927444796,0.11198738170347003,0.025236593059936908,0.0031545741324921135
-16.0,3.0,0.0018018018018018018,0.005405405405405406,0.05045045045045045,0.1981981981981982,0.036036036036036036,0.06306306306306306,0.43243243243243246,0.07387387387387387,0.014414414414414415,0.11171171171171171,0.012612612612612612
-16.0,4.0,0.0,0.0,0.11764705882352941,0.17647058823529413,0.29411764705882354,0.058823529411764705,0.17647058823529413,0.17647058823529413,0.0,0.0,0.0
-16.0,5.0,0.0015988630307337006,0.013679161485166104,0.13270563155089715,0.016166281755196306,0.012080298454432403,0.5755906910641322,0.07230413927873512,0.02291703677384971,0.12737608811511814,0.022384082430271807,0.003197726061467401
-16.0,6.0,0.0007352941176470588,0.00027573529411764705,0.008088235294117648,0.04733455882352941,0.008088235294117648,0.04586397058823529,0.6855698529411764,0.06323529411764706,0.006893382352941176,0.11966911764705883,0.014246323529411764
-16.0,7.0,0.008620689655172414,0.017241379310344827,0.09482758620689655,0.06896551724137931,0.02586206896551724,0.14655172413793102,0.28448275862068967,0.2672413793103448,0.02586206896551724,0.04310344827586207,0.017241379310344827
-16.0,8.0,0.0029282576866764276,0.005124450951683748,0.10907759882869693,0.013909224011713031,0.004392386530014641,0.5695461200585652,0.0739385065885798,0.020497803806734993,0.17496339677891654,0.017569546120058566,0.008052708638360176
-16.0,9.0,0.0013280212483399733,0.0033200531208499337,0.0099601593625498,0.04648074369189907,0.010624169986719787,0.055776892430278883,0.599601593625498,0.061752988047808766,0.01593625498007968,0.1799468791500664,0.015272244355909695
-16.0,10.0,0.0,0.047619047619047616,0.19047619047619047,0.047619047619047616,0.19047619047619047,0.19047619047619047,0.09523809523809523,0.047619047619047616,0.047619047619047616,0.0,0.14285714285714285
-15.0,0.0,0.0,0.0,0.0,0.0,0.0,0.18181818181818182,0.45454545454545453,0.18181818181818182,0.0,0.18181818181818182,0.0
-15.0,1.0,0.0,0.16666666666666666,0.0,0.3333333333333333,0.0,0.16666666666666666,0.0,0.0,0.16666666666666666,0.16666666666666666,0.0
-15.0,2.0,0.017543859649122806,0.005847953216374269,0.17543859649122806,0.05263157894736842,0.011695906432748537,0.45614035087719296,0.04678362573099415,0.017543859649122806,0.12280701754385964,0.05847953216374269,0.03508771929824561
-15.0,3.0,0.007462686567164179,0.007462686567164179,0.033582089552238806,0.1865671641791045,0.018656716417910446,0.0708955223880597,0.3582089552238806,0.10074626865671642,0.029850746268656716,0.17164179104477612,0.014925373134328358
-15.0,4.0,0.0,0.0,0.0,0.16666666666666666,0.3333333333333333,0.0,0.16666666666666666,0.16666666666666666,0.0,0.16666666666666666,0.0
-15.0,5.0,0.0021849963583394027,0.0065549890750182084,0.13401310997815002,0.028404952658412235,0.005098324836125273,0.4668608885651857,0.13838310269482884,0.016023306627822288,0.14056809905316825,0.056081573197378005,0.005826656955571741
-15.0,6.0,0.0004880429477794046,0.0006100536847242558,0.008662762323084432,0.03733528550512445,0.006710590531966813,0.034529038555392876,0.6337237676915568,0.07198633479746218,0.009394826744753539,0.17947779404587605,0.01708150317227916
-15.0,7.0,0.0,0.00625,0.00625,0.0375,0.04375,0.08125,0.4,0.29375,0.00625,0.06875,0.05625
-15.0,8.0,0.00199203187250996,0.01195219123505976,0.09561752988047809,0.01593625498007968,0.017928286852589643,0.43227091633466136,0.09561752988047809,0.03386454183266932,0.22111553784860558,0.06772908366533864,0.00597609561752988
-15.0,9.0,0.0024509803921568627,0.00196078431372549,0.004411764705882353,0.025,0.0029411764705882353,0.041176470588235294,0.5843137254901961,0.061764705882352944,0.014215686274509804,0.24509803921568626,0.016666666666666666
-15.0,10.0,0.0,0.037037037037037035,0.0,0.037037037037037035,0.0,0.1111111111111111,0.5185185185185185,0.1111111111111111,0.0,0.1111111111111111,0.07407407407407407
-14.0,0.0,0.1111111111111111,0.0,0.0,0.0,0.0,0.1111111111111111,0.1111111111111111,0.1111111111111111,0.0,0.3333333333333333,0.2222222222222222
-14.0,2.0,0.015873015873015872,0.06349206349206349,0.09523809523809523,0.047619047619047616,0.047619047619047616,0.42857142857142855,0.015873015873015872,0.0,0.25396825396825395,0.031746031746031744,0.0
-14.0,3.0,0.008333333333333333,0.0,0.025,0.15833333333333333,0.016666666666666666,0.05,0.39166666666666666,0.09166666666666666,0.041666666666666664,0.175,0.041666666666666664
-14.0,4.0,0.0,0.0,0.0,0.0,0.0,0.25,0.0,0.5,0.0,0.0,0.25
-14.0,5.0,0.0017482517482517483,0.00641025641025641,0.058857808857808856,0.009324009324009324,0.005244755244755245,0.5425407925407926,0.09615384615384616,0.017482517482517484,0.1993006993006993,0.05536130536130536,0.007575757575757576
-14.0,6.0,0.0020423319717786854,0.0,0.006498329001113999,0.031191979205347196,0.005012996658002228,0.03546230969179354,0.5722242851838099,0.04845896769402154,0.014296323802450798,0.266245822502785,0.01856665428889714
-14.0,7.0,0.0,0.0,0.07407407407407407,0.037037037037037035,0.05555555555555555,0.2777777777777778,0.16666666666666666,0.2037037037037037,0.037037037037037035,0.07407407407407407,0.07407407407407407
-14.0,8.0,0.003913894324853229,0.003913894324853229,0.04892367906066536,0.009784735812133072,0.0009784735812133072,0.5264187866927593,0.07534246575342465,0.00684931506849315,0.2534246575342466,0.06457925636007827,0.005870841487279843
-14.0,9.0,0.0011333585190782018,0.0,0.007933509633547412,0.02342274272761617,0.003022289384208538,0.03437854174537212,0.4865885908575746,0.037400831129580654,0.018133736305251228,0.3656970154892331,0.022289384208537967
-14.0,10.0,0.0,0.0,0.2,0.06666666666666667,0.0,0.3333333333333333,0.06666666666666667,0.13333333333333333,0.0,0.13333333333333333,0.06666666666666667
-13.0,0.0,0.14285714285714285,0.0,0.0,0.0,0.0,0.0,0.42857142857142855,0.14285714285714285,0.0,0.2857142857142857,0.0
-13.0,1.0,0.0,0.0,0.0,1.0,0.0,0.0,0.0,0.0,0.0,0.0,0.0
-13.0,2.0,0.0,0.06451612903225806,0.03225806451612903,0.0,0.06451612903225806,0.3225806451612903,0.0967741935483871,0.12903225806451613,0.22580645161290322,0.06451612903225806,0.0
-13.0,3.0,0.0,0.017543859649122806,0.03508771929824561,0.17543859649122806,0.15789473684210525,0.03508771929824561,0.3684210526315789,0.07017543859649122,0.03508771929824561,0.08771929824561403,0.017543859649122806
-13.0,4.0,0.0,0.0,0.0,0.0,0.125,0.125,0.375,0.25,0.0,0.0,0.125
-13.0,5.0,0.004036326942482341,0.0020181634712411706,0.05348133198789102,0.010090817356205853,0.008072653884964682,0.5196770938446014,0.06659939455095863,0.02119071644803229,0.25832492431886983,0.04036326942482341,0.016145307769929364
-13.0,6.0,0.0012239902080783353,0.0,0.02447980416156671,0.06242350061199511,0.012239902080783354,0.05018359853121175,0.40024479804161567,0.14932680538555693,0.02692778457772338,0.20195838433292534,0.07099143206854346
-13.0,7.0,0.0,0.029411764705882353,0.04411764705882353,0.07352941176470588,0.029411764705882353,0.11029411764705882,0.34558823529411764,0.23529411764705882,0.022058823529411766,0.051470588235294115,0.058823529411764705
-13.0,8.0,0.001075268817204301,0.002150537634408602,0.03118279569892473,0.005376344086021506,0.004301075268817204,0.46881720430107526,0.06666666666666667,0.017204301075268817,0.33978494623655914,0.05591397849462366,0.007526881720430108
-13.0,9.0,0.0026595744680851063,0.0,0.018617021276595744,0.05585106382978723,0.013297872340425532,0.09308510638297872,0.375,0.06382978723404255,0.07712765957446809,0.24468085106382978,0.05585106382978723
-13.0,10.0,0.0,0.0,0.03571428571428571,0.07142857142857142,0.0,0.14285714285714285,0.25,0.14285714285714285,0.03571428571428571,0.17857142857142858,0.14285714285714285
-12.0,0.0,0.07692307692307693,0.0,0.0,0.0,0.0,0.23076923076923078,0.38461538461538464,0.0,0.0,0.3076923076923077,0.0
-12.0,2.0,0.0,0.0,0.18181818181818182,0.09090909090909091,0.0,0.36363636363636365,0.09090909090909091,0.09090909090909091,0.09090909090909091,0.0,0.09090909090909091
-12.0,3.0,0.0,0.0,0.025,0.1,0.05,0.05,0.4,0.1,0.0,0.175,0.1
-12.0,4.0,0.0,0.16666666666666666,0.5,0.0,0.0,0.16666666666666666,0.16666666666666666,0.0,0.0,0.0,0.0
-12.0,5.0,0.00909090909090909,0.004545454545454545,0.03409090909090909,0.011363636363636364,0.00909090909090909,0.4318181818181818,0.07954545454545454,0.025,0.3181818181818182,0.06363636363636363,0.013636363636363636
-12.0,6.0,0.0011467889908256881,0.00028669724770642203,0.0025802752293577983,0.02121559633027523,0.009174311926605505,0.0194954128440367,0.5045871559633027,0.1003440366972477,0.008600917431192661,0.299598623853211,0.03297018348623853
-12.0,7.0,0.0,0.0,0.015873015873015872,0.04365079365079365,0.027777777777777776,0.03968253968253968,0.4246031746031746,0.3134920634920635,0.011904761904761904,0.07936507936507936,0.04365079365079365
-12.0,8.0,0.0,0.0012738853503184713,0.02038216560509554,0.0,0.0012738853503184713,0.43312101910828027,0.04713375796178344,0.01019108280254777,0.4089171974522293,0.07133757961783439,0.006369426751592357
-12.0,9.0,0.0012791813239526704,0.0003197953309881676,0.0025583626479053407,0.009593859929645027,0.002878157978893508,0.023345059162136233,0.4336424688199552,0.045091141669331626,0.01854812919731372,0.42756635753118005,0.03517748640869843
-12.0,10.0,0.0,0.022222222222222223,0.022222222222222223,0.044444444444444446,0.0,0.044444444444444446,0.35555555555555557,0.35555555555555557,0.0,0.08888888888888889,0.06666666666666667
-11.0,0.0,0.0,0.0,0.0,0.0,0.0,0.0,0.3333333333333333,0.3333333333333333,0.0,0.3333333333333333,0.0
-11.0,2.0,0.0,0.0,0.0,0.0,0.0,0.4,0.2,0.0,0.0,0.2,0.2
-11.0,3.0,0.0,0.0,0.0,0.07142857142857142,0.07142857142857142,0.0,0.21428571428571427,0.35714285714285715,0.0,0.2857142857142857,0.0
-11.0,4.0,0.0,0.0,0.0,0.0,0.2,0.0,0.4,0.4,0.0,0.0,0.0
-11.0,5.0,0.0,0.005494505494505495,0.02197802197802198,0.016483516483516484,0.005494505494505495,0.4010989010989011,0.07692307692307693,0.03296703296703297,0.35714285714285715,0.06593406593406594,0.016483516483516484
-11.0,6.0,0.0028620492272467086,0.0,0.0011448196908986834,0.014310246136233544,0.005724098454493417,0.017172295363480253,0.45105895821408126,0.08528906697195192,0.01030337721808815,0.36290784201488263,0.04922724670864339
-11.0,7.0,0.0,0.0,0.020202020202020204,0.020202020202020204,0.010101010101010102,0.050505050505050504,0.32323232323232326,0.31313131313131315,0.020202020202020204,0.1717171717171717,0.0707070707070707
-11.0,8.0,0.008298755186721992,0.0,0.014522821576763486,0.008298755186721992,0.0,0.3215767634854772,0.07676348547717843,0.01867219917012448,0.4460580912863071,0.1016597510373444,0.004149377593360996
-11.0,9.0,0.0034602076124567475,0.0,0.002201950298836112,0.007549543881723813,0.0012582573136206354,0.019502988361119848,0.3523120478137779,0.03806228373702422,0.015728216420257943,0.5224913494809689,0.0374331550802139
-11.0,10.0,0.0,0.0,0.0,0.0625,0.0,0.0625,0.25,0.28125,0.03125,0.125,0.1875
-10.0,0.0,0.1111111111111111,0.0,0.0,0.0,0.0,0.1111111111111111,0.1111111111111111,0.2222222222222222,0.1111111111111111,0.3333333333333333,0.0
-10.0,2.0,0.0,0.0,0.3333333333333333,0.0,0.0,0.0,0.0,0.0,0.0,0.6666666666666666,0.0
-10.0,3.0,0.0,0.0,0.0,0.09090909090909091,0.09090909090909091,0.0,0.5454545454545454,0.0,0.09090909090909091,0.09090909090909091,0.09090909090909091
-10.0,4.0,0.0,0.0,0.0,0.3333333333333333,0.0,0.0,0.3333333333333333,0.0,0.0,0.0,0.3333333333333333
-10.0,5.0,0.0,0.0,0.044444444444444446,0.011111111111111112,0.011111111111111112,0.24444444444444444,0.1,0.022222222222222223,0.4111111111111111,0.13333333333333333,0.022222222222222223
-10.0,6.0,0.013020833333333334,0.0,0.0078125,0.020833333333333332,0.0234375,0.03125,0.3802083333333333,0.18229166666666666,0.005208333333333333,0.2526041666666667,0.08333333333333333
-10.0,7.0,0.0,0.0,0.0,0.05333333333333334,0.05333333333333334,0.08,0.38666666666666666,0.2,0.02666666666666667,0.10666666666666667,0.09333333333333334
-10.0,8.0,0.005361930294906166,0.005361930294906166,0.005361930294906166,0.002680965147453083,0.002680965147453083,0.2225201072386059,0.04825737265415549,0.010723860589812333,0.5656836461126006,0.12332439678284182,0.00804289544235925
-10.0,9.0,0.005928853754940711,0.0,0.0,0.007905138339920948,0.007905138339920948,0.06324110671936758,0.2964426877470356,0.09090909090909091,0.05928853754940711,0.3814229249011858,0.08695652173913043
-10.0,10.0,0.0,0.03636363636363636,0.0,0.05454545454545454,0.01818181818181818,0.07272727272727272,0.18181818181818182,0.2545454545454545,0.03636363636363636,0.2,0.14545454545454545
-9.0,0.0,0.25,0.0,0.0,0.08333333333333333,0.0,0.0,0.16666666666666666,0.08333333333333333,0.16666666666666666,0.25,0.0
-9.0,2.0,0.0,0.0,0.0,0.0,0.0,0.75,0.0,0.25,0.0,0.0,0.0
-9.0,3.0,0.0,0.0,0.0,0.0,0.16666666666666666,0.0,0.16666666666666666,0.3333333333333333,0.0,0.3333333333333333,0.0
-9.0,4.0,0.125,0.0,0.125,0.0,0.0,0.25,0.125,0.375,0.0,0.0,0.0
-9.0,5.0,0.0,0.02197802197802198,0.054945054945054944,0.0,0.04395604395604396,0.26373626373626374,0.06593406593406594,0.12087912087912088,0.3076923076923077,0.054945054945054944,0.06593406593406594
-9.0,6.0,0.0,0.0,0.0010070493454179255,0.008056394763343404,0.004028197381671702,0.014098690835850957,0.3796576032225579,0.11379657603222558,0.012084592145015106,0.40181268882175225,0.06545820745216516
-9.0,7.0,0.006289308176100629,0.0,0.018867924528301886,0.006289308176100629,0.018867924528301886,0.08176100628930817,0.3522012578616352,0.32075471698113206,0.03773584905660377,0.08176100628930817,0.07547169811320754
-9.0,8.0,0.003289473684210526,0.0,0.009868421052631578,0.003289473684210526,0.006578947368421052,0.21052631578947367,0.03618421052631579,0.039473684210526314,0.5328947368421053,0.14802631578947367,0.009868421052631578
-9.0,9.0,0.002479631597591215,0.0,0.0007084661707403471,0.005313496280552604,0.0010626992561105207,0.009210060219624512,0.2858660998937301,0.03400637619553666,0.016294721927027984,0.6007793127878144,0.044279135671271695
-9.0,10.0,0.0,0.0,0.0,0.018867924528301886,0.0,0.11320754716981132,0.24528301886792453,0.20754716981132076,0.09433962264150944,0.09433962264150944,0.22641509433962265
-8.0,0.0,0.25,0.0,0.0,0.0,0.0625,0.0625,0.0,0.0,0.125,0.4375,0.0625
-8.0,3.0,0.0,0.0,0.0,0.0,0.0,0.0,0.3333333333333333,0.1111111111111111,0.0,0.4444444444444444,0.1111111111111111
-8.0,4.0,0.0,0.0,0.0,0.0,0.0,0.0,1.0,0.0,0.0,0.0,0.0
-8.0,5.0,0.0,0.0,0.125,0.0,0.0,0.25,0.125,0.125,0.25,0.125,0.0
-8.0,6.0,0.003115264797507788,0.0,0.001557632398753894,0.009345794392523364,0.012461059190031152,0.009345794392523364,0.35514018691588783,0.14797507788161993,0.006230529595015576,0.3598130841121495,0.09501557632398754
-8.0,7.0,0.0,0.0,0.009708737864077669,0.038834951456310676,0.0,0.009708737864077669,0.33980582524271846,0.22330097087378642,0.019417475728155338,0.22330097087378642,0.13592233009708737
-8.0,8.0,0.022988505747126436,0.011494252873563218,0.0,0.0,0.011494252873563218,0.1839080459770115,0.11494252873563218,0.0,0.22988505747126436,0.40229885057471265,0.022988505747126436
-8.0,9.0,0.002117896223085069,0.0,0.0014119308153900459,0.004941757853865161,0.0035298270384751147,0.007412636780797741,0.21920225908930463,0.04129897635015884,0.01694316978468055,0.6279562301447229,0.07518531591951995
-8.0,10.0,0.008928571428571428,0.0,0.017857142857142856,0.0,0.017857142857142856,0.008928571428571428,0.29464285714285715,0.1875,0.0,0.2857142857142857,0.17857142857142858
-7.0,0.0,0.22448979591836735,0.0,0.02040816326530612,0.0,0.0,0.0,0.061224489795918366,0.02040816326530612,0.0,0.5918367346938775,0.08163265306122448
-7.0,2.0,0.0,0.0,0.0,0.0,0.0,0.5,0.0,0.0,0.5,0.0,0.0
-7.0,3.0,0.0,0.0,0.0,0.2,0.0,0.0,0.6,0.2,0.0,0.0,0.0
-7.0,4.0,0.0,0.0,0.0,0.0,0.0,0.0,0.3333333333333333,0.3333333333333333,0.0,0.3333333333333333,0.0
-7.0,5.0,0.0,0.0,0.0,0.0,0.0,0.42857142857142855,0.21428571428571427,0.0,0.2857142857142857,0.07142857142857142,0.0
-7.0,6.0,0.007407407407407408,0.0,0.001851851851851852,0.020370370370370372,0.009259259259259259,0.020370370370370372,0.34814814814814815,0.22777777777777777,0.001851851851851852,0.25555555555555554,0.10740740740740741
-7.0,7.0,0.0,0.0,0.0,0.018518518518518517,0.018518518518518517,0.046296296296296294,0.3333333333333333,0.2777777777777778,0.027777777777777776,0.2037037037037037,0.07407407407407407
-7.0,8.0,0.0,0.0,0.0,0.03225806451612903,0.0,0.3225806451612903,0.03225806451612903,0.0967741935483871,0.2903225806451613,0.16129032258064516,0.06451612903225806
-7.0,9.0,0.00594883997620464,0.0,0.000297441998810232,0.001189767995240928,0.001784651992861392,0.00446162998215348,0.13414634146341464,0.034503271861986914,0.00892325996430696,0.7412254610350981,0.06751933372992266
-7.0,10.0,0.02,0.0,0.0,0.01,0.0,0.02,0.26,0.13,0.05,0.33,0.18
-6.0,0.0,0.14285714285714285,0.0,0.0,0.0,0.0,0.0,0.2857142857142857,0.0,0.0,0.2857142857142857,0.2857142857142857
-6.0,3.0,0.0,0.0,0.0,0.0,0.0,0.0,0.5,0.5,0.0,0.0,0.0
-6.0,4.0,0.0,0.0,0.0,0.0,0.0,0.0,0.0,0.0,0.0,0.6666666666666666,0.3333333333333333
-6.0,5.0,0.0,0.0,0.0,0.058823529411764705,0.0,0.29411764705882354,0.058823529411764705,0.11764705882352941,0.23529411764705882,0.11764705882352941,0.11764705882352941
-6.0,6.0,0.0,0.005917159763313609,0.0,0.005917159763313609,0.01775147928994083,0.029585798816568046,0.30177514792899407,0.23076923076923078,0.011834319526627219,0.2781065088757396,0.11834319526627218
-6.0,7.0,0.0,0.0,0.0,0.013157894736842105,0.039473684210526314,0.05263157894736842,0.19736842105263158,0.19736842105263158,0.05263157894736842,0.2236842105263158,0.2236842105263158
-6.0,8.0,0.047619047619047616,0.0,0.047619047619047616,0.0,0.0,0.38095238095238093,0.14285714285714285,0.047619047619047616,0.14285714285714285,0.14285714285714285,0.047619047619047616
-6.0,9.0,0.013559322033898305,0.0,0.001694915254237288,0.001694915254237288,0.003389830508474576,0.005084745762711864,0.17627118644067796,0.08135593220338982,0.011864406779661017,0.49322033898305084,0.211864406779661
-6.0,10.0,0.0064516129032258064,0.0,0.0064516129032258064,0.04516129032258064,0.0064516129032258064,0.025806451612903226,0.2064516129032258,0.17419354838709677,0.0064516129032258064,0.25161290322580643,0.2709677419354839
-5.0,0.0,0.18181818181818182,0.0,0.0,0.0,0.0,0.0,0.09090909090909091,0.0,0.0,0.36363636363636365,0.36363636363636365
-5.0,3.0,0.0,0.0,0.0,0.0,0.0,0.0,0.0,0.0,0.0,1.0,0.0
-5.0,4.0,0.0,0.0,0.125,0.0,0.0,0.0,0.375,0.25,0.0,0.0,0.25
-5.0,5.0,0.0,0.0,0.0,0.09090909090909091,0.0,0.18181818181818182,0.09090909090909091,0.5454545454545454,0.09090909090909091,0.0,0.0
-5.0,6.0,0.008658008658008658,0.0,0.012987012987012988,0.012987012987012988,0.025974025974025976,0.004329004329004329,0.2943722943722944,0.22943722943722944,0.0,0.2683982683982684,0.14285714285714285
-5.0,7.0,0.005813953488372093,0.005813953488372093,0.011627906976744186,0.05232558139534884,0.01744186046511628,0.029069767441860465,0.22093023255813954,0.25,0.01744186046511628,0.1569767441860465,0.23255813953488372
-5.0,8.0,0.0,0.0,0.0,0.0,0.0,0.2,0.0,0.1,0.3,0.3,0.1
-5.0,9.0,0.006656804733727811,0.0,0.0,0.0036982248520710057,0.0036982248520710057,0.0036982248520710057,0.11094674556213018,0.09837278106508876,0.005177514792899409,0.4970414201183432,0.27071005917159763
-5.0,10.0,0.007263922518159807,0.004842615012106538,0.004842615012106538,0.012106537530266344,0.007263922518159807,0.01694915254237288,0.14285714285714285,0.15980629539951574,0.009685230024213076,0.29539951573849876,0.3389830508474576
-4.0,0.0,0.3333333333333333,0.0,0.0,0.0,0.0,0.0,0.13333333333333333,0.06666666666666667,0.0,0.4666666666666667,0.0
-4.0,3.0,0.0,0.0,0.0,0.0,0.25,0.0,0.25,0.0,0.0,0.5,0.0
-4.0,4.0,0.0,0.0,0.0,0.3333333333333333,0.3333333333333333,0.0,0.0,0.3333333333333333,0.0,0.0,0.0
-4.0,5.0,0.0,0.0,0.0,1.0,0.0,0.0,0.0,0.0,0.0,0.0,0.0
-4.0,6.0,0.0,0.0,0.0,0.017857142857142856,0.008928571428571428,0.004464285714285714,0.2857142857142857,0.3169642857142857,0.008928571428571428,0.22321428571428573,0.13392857142857142
-4.0,7.0,0.006329113924050633,0.0,0.0,0.0379746835443038,0.03164556962025317,0.012658227848101266,0.3037974683544304,0.2721518987341772,0.0,0.16455696202531644,0.17088607594936708
-4.0,8.0,0.0,0.0,0.0,0.5,0.0,0.0,0.0,0.0,0.5,0.0,0.0
-4.0,9.0,0.008113590263691683,0.002028397565922921,0.002028397565922921,0.006085192697768763,0.004056795131845842,0.008113590263691683,0.18661257606490872,0.15415821501014199,0.012170385395537525,0.35496957403651114,0.2616632860040568
-4.0,10.0,0.037267080745341616,0.0,0.0,0.012422360248447204,0.003105590062111801,0.012422360248447204,0.16770186335403728,0.14906832298136646,0.006211180124223602,0.32298136645962733,0.2888198757763975
-3.0,0.0,0.18181818181818182,0.0,0.045454545454545456,0.0,0.0,0.0,0.09090909090909091,0.18181818181818182,0.0,0.22727272727272727,0.2727272727272727
-3.0,2.0,0.0,0.0,0.0,0.0,0.0,1.0,0.0,0.0,0.0,0.0,0.0
-3.0,3.0,0.0,0.0,0.0,0.16666666666666666,0.0,0.0,0.5,0.3333333333333333,0.0,0.0,0.0
-3.0,4.0,0.0,0.0,0.0,0.15384615384615385,0.23076923076923078,0.0,0.3076923076923077,0.3076923076923077,0.0,0.0,0.0
-3.0,5.0,0.0,0.04081632653061224,0.10204081632653061,0.061224489795918366,0.02040816326530612,0.4489795918367347,0.16326530612244897,0.12244897959183673,0.0,0.02040816326530612,0.02040816326530612
-3.0,6.0,0.0015527950310559005,0.0,0.006211180124223602,0.015527950310559006,0.03260869565217391,0.021739130434782608,0.40372670807453415,0.38509316770186336,0.0015527950310559005,0.06366459627329192,0.06832298136645963
-3.0,7.0,0.0030737704918032786,0.007172131147540984,0.00819672131147541,0.020491803278688523,0.02459016393442623,0.04918032786885246,0.34938524590163933,0.38831967213114754,0.004098360655737705,0.045081967213114756,0.10040983606557377
-3.0,8.0,0.0,0.0,0.0,0.0,0.0,0.0,0.0,0.6666666666666666,0.0,0.0,0.3333333333333333
-3.0,9.0,0.004514672686230248,0.0,0.0,0.004514672686230248,0.006772009029345372,0.004514672686230248,0.13544018058690746,0.16027088036117382,0.002257336343115124,0.3047404063205418,0.37697516930022573
-3.0,10.0,0.0034423407917383822,0.0,0.0025817555938037868,0.008605851979345954,0.00946643717728055,0.011187607573149742,0.10929432013769363,0.11015490533562823,0.0025817555938037868,0.310671256454389,0.43201376936316693
-2.0,0.0,0.14285714285714285,0.0,0.0,0.0,0.0,0.0,0.0,0.07142857142857142,0.0,0.42857142857142855,0.35714285714285715
-2.0,4.0,0.0,0.0,0.0,0.0,0.3333333333333333,0.0,0.6666666666666666,0.0,0.0,0.0,0.0
-2.0,6.0,0.0,0.0,0.0,0.0136986301369863,0.0410958904109589,0.0,0.3150684931506849,0.3013698630136986,0.0,0.2054794520547945,0.1232876712328767
-2.0,7.0,0.00980392156862745,0.0,0.004901960784313725,0.004901960784313725,0.0,0.0196078431372549,0.16666666666666666,0.30392156862745096,0.0,0.18137254901960784,0.3088235294117647
-2.0,9.0,0.019230769230769232,0.0,0.0,0.004807692307692308,0.0,0.014423076923076924,0.14903846153846154,0.20673076923076922,0.009615384615384616,0.3317307692307692,0.2644230769230769
-2.0,10.0,0.008706467661691543,0.0,0.0,0.004975124378109453,0.006218905472636816,0.0037313432835820895,0.08830845771144279,0.15671641791044777,0.007462686567164179,0.2300995024875622,0.4937810945273632
-1.0,0.0,0.09090909090909091,0.0,0.0,0.0,0.0,0.0,0.09090909090909091,0.18181818181818182,0.0,0.2727272727272727,0.36363636363636365
-1.0,2.0,0.0,0.0,0.0,0.0,0.0,0.0,0.0,0.0,1.0,0.0,0.0
-1.0,4.0,0.0,0.0,0.0,0.0,0.0,0.0,0.0,0.5,0.0,0.25,0.25
-1.0,5.0,0.0,0.0,0.0,0.0,0.3333333333333333,0.3333333333333333,0.0,0.16666666666666666,0.16666666666666666,0.0,0.0
-1.0,6.0,0.0,0.0,0.0,0.0,0.0,0.0,0.1388888888888889,0.4722222222222222,0.0,0.25,0.1388888888888889
-1.0,7.0,0.009900990099009901,0.0,0.0,0.009900990099009901,0.019801980198019802,0.034653465346534656,0.1485148514851485,0.32673267326732675,0.009900990099009901,0.1485148514851485,0.29207920792079206
-1.0,8.0,0.0,0.0,0.0,0.0,0.0,0.3333333333333333,0.0,0.3333333333333333,0.0,0.0,0.3333333333333333
-1.0,9.0,0.0,0.0,0.0,0.0,0.0,0.0,0.11363636363636363,0.23863636363636365,0.0,0.25,0.3977272727272727
-1.0,10.0,0.010723860589812333,0.0,0.0,0.0013404825737265416,0.002680965147453083,0.004021447721179625,0.10455764075067024,0.1903485254691689,0.0,0.19973190348525469,0.4865951742627346
-0.0,0.0,0.24757804090419805,0.030139935414424113,0.07534983853606028,0.03767491926803014,0.17868675995694294,0.10495156081808396,0.04682454251883746,0.09634015069967707,0.022066738428417654,0.013455328310010764,0.14693218514531756
-0.0,1.0,0.16666666666666666,0.0,0.5,0.16666666666666666,0.0,0.16666666666666666,0.0,0.0,0.0,0.0,0.0
-0.0,2.0,0.0,0.0,0.0,0.0,0.0,0.0,1.0,0.0,0.0,0.0,0.0
-0.0,3.0,0.0,0.0,0.0,0.0,0.0,0.0,0.0,0.5,0.0,0.0,0.5
-0.0,4.0,0.17647058823529413,0.0,0.0,0.0,0.058823529411764705,0.11764705882352941,0.17647058823529413,0.29411764705882354,0.0,0.0,0.17647058823529413
-0.0,5.0,0.0,0.0,0.0,0.0,0.07142857142857142,0.2857142857142857,0.14285714285714285,0.35714285714285715,0.07142857142857142,0.07142857142857142,0.0
-0.0,6.0,0.005555555555555556,0.0,0.005555555555555556,0.011111111111111112,0.03333333333333333,0.016666666666666666,0.2722222222222222,0.34444444444444444,0.0,0.11666666666666667,0.19444444444444445
-0.0,7.0,0.0034619188921859545,0.0009891196834817012,0.005934718100890208,0.008902077151335312,0.013847675568743818,0.009396636993076163,0.11078140454995054,0.30118694362017806,0.004451038575667656,0.049950544015825916,0.4910979228486647
-0.0,8.0,0.0,0.125,0.0,0.0,0.0,0.375,0.0,0.125,0.375,0.0,0.0
-0.0,9.0,0.008403361344537815,0.0,0.0,0.01680672268907563,0.008403361344537815,0.008403361344537815,0.20168067226890757,0.25210084033613445,0.025210084033613446,0.19327731092436976,0.2857142857142857
-0.0,10.0,0.004406335596046207,0.0,8.931761343336905e-05,0.0001786352268667381,0.0005954507562224604,0.0001786352268667381,0.002694414671906633,0.07045671073002263,2.977253781112302e-05,0.006445754436108134,0.914924973204716
1.0,0.0,0.1951219512195122,0.0,0.0,0.0,0.0,0.024390243902439025,0.04878048780487805,0.024390243902439025,0.0,0.04878048780487805,0.6585365853658537
1.0,1.0,0.0,0.0,0.0,0.0,0.0,1.0,0.0,0.0,0.0,0.0,0.0
1.0,2.0,0.0,0.0,0.0,0.5,0.5,0.0,0.0,0.0,0.0,0.0,0.0
1.0,3.0,0.0,0.0,0.0,0.0,0.0,0.0,0.3333333333333333,0.3333333333333333,0.0,0.0,0.3333333333333333
1.0,4.0,0.0,0.0,0.07692307692307693,0.0,0.15384615384615385,0.07692307692307693,0.3076923076923077,0.38461538461538464,0.0,0.0,0.0
1.0,5.0,0.0,0.0,0.0,0.0,0.14285714285714285,0.42857142857142855,0.0,0.42857142857142855,0.0,0.0,0.0
1.0,6.0,0.0,0.0,0.0,0.023255813953488372,0.023255813953488372,0.007751937984496124,0.31007751937984496,0.4496124031007752,0.007751937984496124,0.08527131782945736,0.09302325581395349
1.0,7.0,0.0047370914258645196,0.0014211274277593558,0.0018948365703458077,0.008526764566556135,0.009000473709142587,0.006158218853623875,0.05116058739933681,0.37375651350071054,0.0004737091425864519,0.028896257697773566,0.5139744197063003
1.0,8.0,0.0,0.16666666666666666,0.0,0.0,0.16666666666666666,0.5,0.0,0.0,0.0,0.0,0.16666666666666666
1.0,9.0,0.023255813953488372,0.0,0.0,0.0,0.023255813953488372,0.023255813953488372,0.23255813953488372,0.4418604651162791,0.023255813953488372,0.09302325581395349,0.13953488372093023
1.0,10.0,0.005577936163619461,0.0,0.0003098853424233034,0.0005164755707055056,0.0035120338807974384,0.0005164755707055056,0.011465757669662225,0.28395826877388697,0.00010329511414110113,0.015081086664600764,0.6789587852494577
2.0,0.0,0.058823529411764705,0.0,0.0,0.0,0.0,0.0,0.11764705882352941,0.29411764705882354,0.0,0.11764705882352941,0.4117647058823529
2.0,3.0,0.0,0.0,0.0,0.0,0.0,0.0,0.0,1.0,0.0,0.0,0.0
2.0,4.0,0.0,0.0,0.0,0.0,0.2,0.13333333333333333,0.2,0.2,0.0,0.06666666666666667,0.2
2.0,5.0,0.0,0.0,0.0,0.0,0.0,0.3333333333333333,0.0,0.6666666666666666,0.0,0.0,0.0
2.0,6.0,0.008771929824561403,0.0,0.0,0.008771929824561403,0.043859649122807015,0.0,0.2631578947368421,0.3684210526315789,0.0,0.14035087719298245,0.16666666666666666
2.0,7.0,0.009146341463414634,0.0,0.007621951219512195,0.018292682926829267,0.022865853658536585,0.010670731707317074,0.17530487804878048,0.4253048780487805,0.004573170731707317,0.11432926829268293,0.21189024390243902
2.0,8.0,0.0,0.0,0.0,0.0,0.0,0.3333333333333333,0.0,0.3333333333333333,0.0,0.0,0.3333333333333333
2.0,9.0,0.017543859649122806,0.0,0.0,0.0,0.017543859649122806,0.0,0.22807017543859648,0.3157894736842105,0.0,0.12280701754385964,0.2982456140350877
2.0,10.0,0.025835866261398176,0.0,0.0060790273556231,0.00303951367781155,0.0243161094224924,0.00911854103343465,0.11854103343465046,0.32066869300911854,0.0,0.11398176291793313,0.378419452887538
3.0,0.0,0.13793103448275862,0.0,0.0,0.0,0.0,0.0,0.034482758620689655,0.2413793103448276,0.0,0.0,0.5862068965517241
3.0,4.0,0.0,0.0,0.0,0.14285714285714285,0.0,0.0,0.0,0.7142857142857143,0.0,0.14285714285714285,0.0
3.0,6.0,0.0,0.0,0.0,0.047619047619047616,0.047619047619047616,0.0,0.3333333333333333,0.42857142857142855,0.0,0.09523809523809523,0.047619047619047616
3.0,7.0,0.0033482142857142855,0.0,0.0,0.0008370535714285714,0.009207589285714286,0.0013950892857142857,0.024553571428571428,0.44419642857142855,0.00027901785714285713,0.017857142857142856,0.49832589285714285
3.0,9.0,0.0,0.0,0.0,0.0,0.1,0.0,0.0,0.7,0.0,0.2,0.0
3.0,10.0,0.003135474105308682,0.0,0.00021623959346956428,0.0009730781706130393,0.005514109633473889,0.0005405989836739107,0.008433344145313007,0.3746350956860201,0.00010811979673478214,0.013514974591847768,0.5929289652935452
4.0,0.0,0.0975609756097561,0.0,0.0,0.0,0.04878048780487805,0.0,0.024390243902439025,0.4634146341463415,0.0,0.024390243902439025,0.34146341463414637
4.0,3.0,0.0,0.0,0.0,0.0,0.25,0.0,0.5,0.0,0.0,0.0,0.25
4.0,4.0,0.0,0.0,0.0,0.1388888888888889,0.1111111111111111,0.0,0.16666666666666666,0.3611111111111111,0.0,0.027777777777777776,0.19444444444444445
4.0,5.0,0.0,0.14285714285714285,0.14285714285714285,0.0,0.0,0.14285714285714285,0.0,0.2857142857142857,0.14285714285714285,0.0,0.14285714285714285
4.0,6.0,0.00796812749003984,0.0,0.0,0.01195219123505976,0.027888446215139442,0.00398406374501992,0.27091633466135456,0.5179282868525896,0.0,0.043824701195219126,0.11553784860557768
4.0,7.0,0.0022389042539180826,0.0003951007506914263,0.0017121032529961806,0.003687607006453312,0.012511523771895166,0.005794811010140919,0.047016989332279734,0.5256156986698275,0.0006585012511523771,0.018964836033188465,0.3814039246674569
4.0,9.0,0.0,0.02127659574468085,0.0,0.0425531914893617,0.0851063829787234,0.0,0.2553191489361702,0.3404255319148936,0.0,0.06382978723404255,0.19148936170212766
4.0,10.0,0.003349616189811584,0.00013956734124214934,0.00013956734124214934,0.0018143754361479413,0.011723656664340545,0.001256106071179344,0.021214235868806698,0.46322400558269367,0.0002791346824842987,0.013677599441730635,0.483182135380321
5.0,0.0,0.125,0.0,0.0,0.020833333333333332,0.041666666666666664,0.0,0.08333333333333333,0.4791666666666667,0.0,0.0,0.25
5.0,1.0,0.0,0.0,0.0,0.0,0.0,0.0,0.0,0.0,1.0,0.0,0.0
5.0,2.0,0.0,0.0,0.0,0.0,0.0,0.0,0.0,0.0,1.0,0.0,0.0
5.0,3.0,0.0,0.0,0.0,0.0,0.0,0.0,0.0,0.5,0.16666666666666666,0.16666666666666666,0.16666666666666666
5.0,4.0,0.018518518518518517,0.0,0.018518518518518517,0.018518518518518517,0.05555555555555555,0.05555555555555555,0.18518518518518517,0.46296296296296297,0.0,0.05555555555555555,0.12962962962962962
5.0,5.0,0.0,0.0,0.0,0.0,0.0,0.16666666666666666,0.0,0.8333333333333334,0.0,0.0,0.0
5.0,6.0,0.0,0.0,0.008130081300813009,0.024390243902439025,0.056910569105691054,0.016260162601626018,0.23577235772357724,0.4959349593495935,0.008130081300813009,0.07317073170731707,0.08130081300813008
5.0,7.0,0.0024045130861000646,0.00027744381762693056,0.0009248127254231018,0.002866919448811616,0.013409784518634976,0.003514288356607787,0.03662258392675483,0.6113012115046703,0.0012022565430500323,0.012577453065754184,0.3148987330065662
5.0,8.0,0.0,0.0,0.5,0.0,0.0,0.0,0.0,0.5,0.0,0.0,0.0
5.0,9.0,0.02564102564102564,0.0,0.0,0.02564102564102564,0.0,0.0,0.2564102564102564,0.358974358974359,0.02564102564102564,0.10256410256410256,0.20512820512820512
5.0,10.0,0.003160270880361174,0.0,0.0006772009029345372,0.001580135440180587,0.014672686230248307,0.0020316027088036117,0.022573363431151242,0.555981941309255,0.0,0.01399548532731377,0.3853273137697517
6.0,0.0,0.1016949152542373,0.0,0.0,0.01694915254237288,0.06779661016949153,0.0,0.0,0.6779661016949152,0.0,0.01694915254237288,0.11864406779661017
6.0,3.0,0.0,0.0,0.0,0.0,0.0,0.0,1.0,0.0,0.0,0.0,0.0
6.0,4.0,0.0,0.0,0.06578947368421052,0.09210526315789473,0.09210526315789473,0.02631578947368421,0.07894736842105263,0.42105263157894735,0.013157894736842105,0.039473684210526314,0.17105263157894737
6.0,5.0,0.0,0.0,0.0,0.0,1.0,0.0,0.0,0.0,0.0,0.0,0.0
6.0,6.0,0.0,0.02040816326530612,0.02040816326530612,0.04081632653061224,0.08163265306122448,0.02040816326530612,0.32653061224489793,0.3877551020408163,0.0,0.04081632653061224,0.061224489795918366
6.0,7.0,0.002902217591903557,0.0,0.0005209108498288436,0.002306890906384879,0.020241107307635064,0.0019348117279357048,0.032147641018008634,0.6928858461080518,0.0001488316713796696,0.009078731954159844,0.237833010864712
6.0,8.0,0.0,0.0,0.0,0.0,0.0,0.0,0.0,0.0,1.0,0.0,0.0
6.0,9.0,0.0,0.0,0.0,0.0,0.0,0.0,1.0,0.0,0.0,0.0,0.0
6.0,10.0,0.003297911322828875,0.00036643459142543056,0.00036643459142543056,0.004030780505679736,0.01978746793697325,0.001832172957127153,0.03371198241113961,0.6335654085745694,0.0010993037742762918,0.010993037742762916,0.29094906559179184
7.0,0.0,0.05714285714285714,0.0,0.0,0.0,0.02857142857142857,0.0,0.02857142857142857,0.7,0.0,0.0,0.18571428571428572
7.0,3.0,0.0,0.0,0.0,0.6666666666666666,0.0,0.0,0.0,0.0,0.0,0.0,0.3333333333333333
7.0,4.0,0.0,0.006329113924050633,0.0,0.03164556962025317,0.189873417721519,0.006329113924050633,0.06962025316455696,0.5569620253164557,0.006329113924050633,0.012658227848101266,0.12025316455696203
7.0,5.0,0.0,0.0,0.0,0.0,1.0,0.0,0.0,0.0,0.0,0.0,0.0
7.0,6.0,0.0,0.0,0.0,0.0,0.17391304347826086,0.0,0.2608695652173913,0.391304347826087,0.043478260869565216,0.043478260869565216,0.08695652173913043
7.0,7.0,0.0023950792009144847,0.0002721680910130096,0.0004899025638234174,0.0033748843285613195,0.027162375483098362,0.0009798051276468348,0.029013118501986828,0.7650645038375701,0.0004899025638234174,0.005661096293070601,0.16509716400849164
7.0,9.0,0.0,0.0,0.0,0.0,0.0,0.25,0.0,0.5,0.0,0.0,0.25
7.0,10.0,0.007172131147540984,0.0005122950819672131,0.0020491803278688526,0.0030737704918032786,0.03790983606557377,0.0030737704918032786,0.02663934426229508,0.6962090163934426,0.0005122950819672131,0.006147540983606557,0.21670081967213115
8.0,0.0,0.1721311475409836,0.0,0.0,0.00819672131147541,0.030054644808743168,0.00273224043715847,0.04371584699453552,0.6912568306010929,0.0,0.0,0.05191256830601093
8.0,1.0,0.0,0.2222222222222222,0.0,0.0,0.1111111111111111,0.2222222222222222,0.0,0.4444444444444444,0.0,0.0,0.0
8.0,2.0,0.0,0.0,0.0,0.0,0.0,0.0,1.0,0.0,0.0,0.0,0.0
8.0,3.0,0.0,0.0,0.0,0.06451612903225806,0.16129032258064516,0.0,0.1935483870967742,0.5483870967741935,0.0,0.03225806451612903,0.0
8.0,4.0,0.0037735849056603774,0.0015094339622641509,0.005283018867924529,0.019622641509433963,0.18339622641509434,0.009056603773584906,0.05811320754716981,0.6754716981132075,0.0037735849056603774,0.005283018867924529,0.03471698113207547
8.0,5.0,0.0,0.07142857142857142,0.10714285714285714,0.0,0.14285714285714285,0.2857142857142857,0.0,0.39285714285714285,0.0,0.0,0.0
8.0,6.0,0.0023790642347343376,0.0,0.0023790642347343376,0.02458366375892149,0.06582077716098335,0.011102299762093577,0.31007137192704204,0.5519429024583664,0.0007930214115781126,0.01586042823156225,0.01506740681998414
8.0,7.0,0.001760706649996671,0.00025152952142809586,0.0006066300222677606,0.0032994754869685515,0.05029850635851834,0.002145398859239641,0.03324628439111361,0.8751377863922529,0.00011096890651239523,0.0018568797023074135,0.031285833709394625
8.0,8.0,0.0,0.0,0.0,0.0,0.25,0.5,0.0,0.0,0.25,0.0,0.0
8.0,9.0,0.0,0.0,0.0,0.0,0.0,0.0,0.3333333333333333,0.625,0.0,0.041666666666666664,0.0
8.0,10.0,0.009700176366843033,0.0008818342151675485,0.0026455026455026454,0.003527336860670194,0.08465608465608465,0.01146384479717813,0.06790123456790123,0.6587301587301587,0.001763668430335097,0.012345679012345678,0.14638447971781304
9.0,0.0,0.12,0.0,0.0,0.0,0.21333333333333335,0.0,0.0,0.6266666666666667,0.0,0.0,0.04
9.0,1.0,0.0,0.18181818181818182,0.0,0.0,0.0,0.36363636363636365,0.0,0.45454545454545453,0.0,0.0,0.0
9.0,2.0,0.0,0.0,0.0,0.0,0.0,0.6666666666666666,0.3333333333333333,0.0,0.0,0.0,0.0
9.0,3.0,0.0,0.0,0.0,0.125,0.21875,0.0,0.28125,0.34375,0.0,0.0,0.03125
9.0,4.0,0.003444712366517396,0.0010334137099552187,0.0013778849466069584,0.015501205649328281,0.2611091973820186,0.006544953496383052,0.03995866345160179,0.6410609714088874,0.0003444712366517396,0.0044781260764726145,0.025146400275576988
9.0,5.0,0.0,0.0,0.0,0.1,0.0,0.2,0.3,0.4,0.0,0.0,0.0
9.0,6.0,0.005747126436781609,0.0,0.005747126436781609,0.05747126436781609,0.10344827586206896,0.011494252873563218,0.27011494252873564,0.5057471264367817,0.0,0.028735632183908046,0.011494252873563218
9.0,7.0,0.0024804570054119063,0.001315393866506314,0.0024052916416115455,0.01221437161755863,0.1957681900180397,0.004810583283223091,0.03964972940469032,0.7222263980757667,0.0002254960914010824,0.0017288033674082983,0.017175285628382442
9.0,8.0,0.0,0.0,0.0,0.0,0.0,0.0,0.0,1.0,0.0,0.0,0.0
9.0,9.0,0.0,0.0,0.0,0.0,1.0,0.0,0.0,0.0,0.0,0.0,0.0
9.0,10.0,0.007692307692307693,0.0,0.026923076923076925,0.026923076923076925,0.23076923076923078,0.015384615384615385,0.06538461538461539,0.5153846153846153,0.007692307692307693,0.0038461538461538464,0.1
10.0,0.0,0.01818181818181818,0.0,0.0,0.01818181818181818,0.23636363636363636,0.0,0.03636363636363636,0.6545454545454545,0.0,0.0,0.03636363636363636
10.0,1.0,0.0,0.3333333333333333,0.2222222222222222,0.0,0.1111111111111111,0.0,0.0,0.3333333333333333,0.0,0.0,0.0
10.0,2.0,0.0,0.0,0.0,0.0,1.0,0.0,0.0,0.0,0.0,0.0,0.0
10.0,3.0,0.034482758620689655,0.0,0.0,0.13793103448275862,0.27586206896551724,0.0,0.1724137931034483,0.3793103448275862,0.0,0.0,0.0
10.0,4.0,0.002983166418069465,0.0034093330492222457,0.006392499467291711,0.021734498188791817,0.34157255486895377,0.0036224163647986364,0.03792883017259749,0.5650969529085873,0.00021308331557639036,0.002983166418069465,0.014063498828041764
10.0,5.0,0.0,0.0,0.2857142857142857,0.14285714285714285,0.14285714285714285,0.0,0.0,0.2857142857142857,0.0,0.0,0.14285714285714285
10.0,6.0,0.009174311926605505,0.0,0.009174311926605505,0.08256880733944955,0.1834862385321101,0.0,0.1926605504587156,0.46788990825688076,0.0,0.03669724770642202,0.01834862385321101
10.0,7.0,0.0023568230025925053,0.002592505302851756,0.004100872024510959,0.016403488098043838,0.2739571058213528,0.006033466886636814,0.03808625972189489,0.6423285411265613,0.00014140938015555032,0.0012255479613481027,0.012773980674051378
10.0,9.0,0.0,0.0,0.0,0.0,0.0,0.5,0.0,0.5,0.0,0.0,0.0
10.0,10.0,0.0,0.017142857142857144,0.011428571428571429,0.03428571428571429,0.24571428571428572,0.022857142857142857,0.10285714285714286,0.44571428571428573,0.0,0.011428571428571429,0.10857142857142857
11.0,0.0,0.14285714285714285,0.0,0.0,0.0,0.20408163265306123,0.0,0.0,0.5918367346938775,0.0,0.0,0.061224489795918366
11.0,1.0,0.0,0.25,0.045454545454545456,0.0,0.1590909090909091,0.022727272727272728,0.06818181818181818,0.4318181818181818,0.0,0.0,0.022727272727272728
11.0,2.0,0.0,0.0,0.0,0.0,0.0,0.0,0.0,1.0,0.0,0.0,0.0
11.0,3.0,0.0,0.0,0.0,0.1794871794871795,0.1794871794871795,0.0,0.10256410256410256,0.46153846153846156,0.0,0.02564102564102564,0.05128205128205128
11.0,4.0,0.002466091245376079,0.002959309494451295,0.0053020961775585695,0.023057953144266338,0.4066584463625154,0.005548705302096177,0.02848335388409371,0.5134401972872996,0.00036991368680641185,0.0009864364981504315,0.010727496917385943
11.0,5.0,0.0,0.25,0.25,0.0,0.0,0.0,0.25,0.25,0.0,0.0,0.0
11.0,6.0,0.0,0.0,0.019230769230769232,0.038461538461538464,0.21153846153846154,0.019230769230769232,0.17307692307692307,0.46153846153846156,0.0,0.019230769230769232,0.057692307692307696
11.0,7.0,0.0014382121916141166,0.004480584135413209,0.005808164619980087,0.023675185308109303,0.3632592100896117,0.007633587786259542,0.03418519747759708,0.5486226352472618,0.0002212634140944795,0.0014935280451377365,0.009182431684920899
11.0,8.0,0.0,0.0,0.0,0.0,0.0,0.0,0.0,1.0,0.0,0.0,0.0
11.0,9.0,0.0,0.0,0.0,0.0,0.5,0.0,0.0,0.0,0.0,0.0,0.5
11.0,10.0,0.0,0.0,0.024691358024691357,0.012345679012345678,0.2839506172839506,0.0,0.13580246913580246,0.41975308641975306,0.012345679012345678,0.037037037037037035,0.07407407407407407
12.0,0.0,0.09375,0.0,0.0,0.015625,0.390625,0.0,0.015625,0.4375,0.0,0.0,0.046875
12.0,1.0,0.0,0.26666666666666666,0.06666666666666667,0.0,0.18666666666666668,0.10666666666666667,0.013333333333333334,0.3333333333333333,0.013333333333333334,0.0,0.013333333333333334
12.0,2.0,0.0,0.0,0.14285714285714285,0.0,0.14285714285714285,0.2857142857142857,0.14285714285714285,0.14285714285714285,0.0,0.0,0.14285714285714285
12.0,3.0,0.0,0.0196078431372549,0.0,0.13725490196078433,0.1568627450980392,0.0,0.29411764705882354,0.3333333333333333,0.0,0.0196078431372549,0.0392156862745098
12.0,4.0,0.001870772773060872,0.005108648726435458,0.006691610303640812,0.02561519643114117,0.4912217585264067,0.0047488847316160595,0.022737084472585982,0.4327241329687725,0.00021585839689163908,0.0007914807886026767,0.008274571880846165
12.0,5.0,0.0,0.03571428571428571,0.14285714285714285,0.0,0.17857142857142858,0.35714285714285715,0.0,0.25,0.03571428571428571,0.0,0.0
12.0,6.0,0.002857142857142857,0.0,0.008571428571428572,0.05142857142857143,0.16285714285714287,0.017142857142857144,0.2742857142857143,0.4685714285714286,0.0,0.002857142857142857,0.011428571428571429
12.0,7.0,0.001619542479249612,0.008705040825966664,0.008300155206154262,0.02942168837303462,0.4186517308860247,0.010392064241851677,0.04730413658141575,0.46460624873473244,0.0007422903029894055,0.001484580605978811,0.008772521762602065
12.0,8.0,0.0,0.0,0.0,0.0,0.0,1.0,0.0,0.0,0.0,0.0,0.0
12.0,9.0,0.0,0.0,0.0,0.16666666666666666,0.0,0.0,0.0,0.6666666666666666,0.0,0.16666666666666666,0.0
12.0,10.0,0.0,0.017094017094017096,0.05128205128205128,0.008547008547008548,0.27350427350427353,0.03418803418803419,0.11965811965811966,0.42735042735042733,0.0,0.008547008547008548,0.05982905982905983
13.0,0.0,0.11904761904761904,0.0,0.023809523809523808,0.023809523809523808,0.40476190476190477,0.0,0.0,0.42857142857142855,0.0,0.0,0.0
13.0,1.0,0.0,0.46875,0.046875,0.0234375,0.15625,0.0703125,0.0234375,0.2109375,0.0,0.0,0.0
13.0,2.0,0.0,0.125,0.25,0.375,0.0,0.0,0.0,0.25,0.0,0.0,0.0
13.0,3.0,0.0,0.0,0.014084507042253521,0.11267605633802817,0.2676056338028169,0.014084507042253521,0.2535211267605634,0.3380281690140845,0.0,0.0,0.0
13.0,4.0,0.0016295231248502277,0.007141145458902468,0.00805176132278936,0.03426791277258567,0.5865324706446202,0.004744787922358016,0.020081476156242513,0.33136832015336687,9.58543014617781e-05,0.00043134435657800146,0.0056554037862449075
13.0,5.0,0.0,0.07142857142857142,0.07142857142857142,0.0,0.35714285714285715,0.21428571428571427,0.07142857142857142,0.14285714285714285,0.0,0.0,0.07142857142857142
13.0,6.0,0.006993006993006993,0.0,0.013986013986013986,0.13286713286713286,0.16783216783216784,0.027972027972027972,0.20279720279720279,0.40559440559440557,0.0,0.013986013986013986,0.027972027972027972
13.0,7.0,0.002061855670103093,0.019775070290534207,0.013214620431115277,0.03748828491096532,0.4991565135895033,0.01246485473289597,0.03711340206185567,0.3726335520149953,0.00028116213683223993,0.0007497656982193065,0.005060918462980318
13.0,8.0,0.0,0.0,0.0,0.0,0.0,1.0,0.0,0.0,0.0,0.0,0.0
13.0,9.0,0.0,0.0,0.0,0.0,0.0,0.0,1.0,0.0,0.0,0.0,0.0
13.0,10.0,0.011764705882352941,0.047058823529411764,0.09411764705882353,0.047058823529411764,0.3058823529411765,0.07058823529411765,0.09411764705882353,0.29411764705882354,0.011764705882352941,0.0,0.023529411764705882
14.0,0.0,0.14705882352941177,0.029411764705882353,0.029411764705882353,0.029411764705882353,0.35294117647058826,0.0,0.0,0.4117647058823529,0.0,0.0,0.0
14.0,1.0,0.0,0.330188679245283,0.05660377358490566,0.02830188679245283,0.3018867924528302,0.04716981132075472,0.03773584905660377,0.18867924528301888,0.0,0.009433962264150943,0.0
14.0,2.0,0.0,0.09523809523809523,0.19047619047619047,0.0,0.38095238095238093,0.047619047619047616,0.047619047619047616,0.23809523809523808,0.0,0.0,0.0
14.0,3.0,0.0,0.0,0.017699115044247787,0.17699115044247787,0.2920353982300885,0.02654867256637168,0.13274336283185842,0.34513274336283184,0.0,0.0,0.008849557522123894
14.0,4.0,0.009753831862517418,0.05991639572689271,0.05062703204830469,0.09382257315373897,0.41662796098467253,0.026474686483975846,0.06409660938225732,0.25824431026474687,0.0013934045517882026,0.0023223409196470044,0.01672085462145843
14.0,5.0,0.034482758620689655,0.0,0.06896551724137931,0.034482758620689655,0.20689655172413793,0.3103448275862069,0.13793103448275862,0.20689655172413793,0.0,0.0,0.0
14.0,6.0,0.0,0.0,0.007518796992481203,0.12781954887218044,0.2706766917293233,0.007518796992481203,0.24812030075187969,0.3157894736842105,0.0,0.0,0.022556390977443608
14.0,7.0,0.005008347245409015,0.08736783528102393,0.06288258208124652,0.09682804674457429,0.3060656649972176,0.05787423483583751,0.09460211463550362,0.27657206455203115,0.0022259321090706734,0.0,0.010573177518085699
14.0,8.0,0.0,0.0,0.0,0.0,0.0,0.0,0.0,1.0,0.0,0.0,0.0
14.0,10.0,0.0,0.0851063829787234,0.0425531914893617,0.02127659574468085,0.3829787234042553,0.0425531914893617,0.0851063829787234,0.2765957446808511,0.0,0.0,0.06382978723404255
15.0,0.0,0.18518518518518517,0.018518518518518517,0.018518518518518517,0.037037037037037035,0.5555555555555556,0.0,0.037037037037037035,0.14814814814814814,0.0,0.0,0.0
15.0,1.0,0.0,0.2711267605633803,0.08450704225352113,0.0528169014084507,0.2746478873239437,0.03873239436619718,0.01056338028169014,0.2605633802816901,0.0035211267605633804,0.0,0.0035211267605633804
15.0,2.0,0.0,0.16666666666666666,0.3333333333333333,0.0,0.25,0.16666666666666666,0.0,0.0,0.0,0.0,0.08333333333333333
15.0,3.0,0.0,0.03333333333333333,0.06666666666666667,0.15,0.38333333333333336,0.0,0.1,0.25,0.0,0.0,0.016666666666666666
15.0,4.0,0.0025545750116117046,0.01648862052949373,0.012441112069537522,0.04316236480658218,0.6601751708579391,0.004578329241589808,0.018711432552584433,0.23770818127529691,0.00023223409196470042,0.00046446818392940084,0.003483511379470506
15.0,5.0,0.0,0.0,0.2,0.2,0.0,0.4,0.0,0.2,0.0,0.0,0.0
15.0,6.0,0.0,0.01818181818181818,0.01818181818181818,0.14545454545454545,0.21818181818181817,0.0,0.23636363636363636,0.3090909090909091,0.0,0.03636363636363636,0.01818181818181818
15.0,7.0,0.001923816852635629,0.03668077465691933,0.01795562395793254,0.04399127869693472,0.5570091060664358,0.012697191227395151,0.029498525073746312,0.29344619725535465,0.00012825445684237527,0.0011542901115813775,0.005514941644222136
15.0,9.0,0.0,0.0,0.0,0.0,1.0,0.0,0.0,0.0,0.0,0.0,0.0
15.0,10.0,0.016129032258064516,0.14516129032258066,0.0,0.04838709677419355,0.43548387096774194,0.04838709677419355,0.06451612903225806,0.22580645161290322,0.0,0.0,0.016129032258064516
16.0,0.0,0.32894736842105265,0.04784688995215311,0.0215311004784689,0.02751196172248804,0.5430622009569378,0.0,0.004784688995215311,0.02631578947368421,0.0,0.0,0.0
16.0,1.0,0.0008928571428571428,0.3125,0.049107142857142856,0.044642857142857144,0.40714285714285714,0.038392857142857145,0.008035714285714285,0.13303571428571428,0.0,0.0,0.00625
16.0,2.0,0.0,0.2222222222222222,0.2222222222222222,0.0,0.3888888888888889,0.05555555555555555,0.05555555555555555,0.05555555555555555,0.0,0.0,0.0
16.0,3.0,0.0,0.04081632653061224,0.061224489795918366,0.10204081632653061,0.2653061224489796,0.0,0.14285714285714285,0.3673469387755102,0.0,0.0,0.02040816326530612
16.0,4.0,0.003315529991783073,0.017177485620377977,0.01168036154478225,0.03605176663927691,0.8580649137222679,0.0012037797863599013,0.004194741166803615,0.06778553820870994,8.216926869350863e-06,9.860312243221036e-05,0.000419063270336894
16.0,5.0,0.0,0.21311475409836064,0.08196721311475409,0.0,0.08196721311475409,0.2786885245901639,0.06557377049180328,0.21311475409836064,0.01639344262295082,0.0,0.04918032786885246
16.0,6.0,0.005154639175257732,0.0,0.03608247422680412,0.15463917525773196,0.18041237113402062,0.010309278350515464,0.25257731958762886,0.32989690721649484,0.005154639175257732,0.015463917525773196,0.010309278350515464
16.0,7.0,0.0014713094654242277,0.057626287395782246,0.02268268759195684,0.040951446787641003,0.6166012751348701,0.02157920549288867,0.035434036292300145,0.19752329573320254,0.000980872976949485,0.001348700343305542,0.0038008827856792545
16.0,8.0,0.0,0.0,0.0,0.0,0.0,0.6666666666666666,0.0,0.3333333333333333,0.0,0.0,0.0
16.0,10.0,0.0,0.10869565217391304,0.021739130434782608,0.043478260869565216,0.2391304347826087,0.13043478260869565,0.043478260869565216,0.34782608695652173,0.043478260869565216,0.0,0.021739130434782608
17.0,0.0,0.0,0.0625,0.0,0.125,0.75,0.0,0.0,0.0625,0.0,0.0,0.0
17.0,1.0,0.0010741138560687433,0.23308270676691728,0.05907626208378088,0.06337271750805586,0.560687432867884,0.02577873254564984,0.0053705692803437165,0.047261009667024706,0.0021482277121374865,0.0,0.0021482277121374865
17.0,2.0,0.01,0.16,0.22,0.15,0.22,0.06,0.02,0.14,0.02,0.0,0.0
17.0,3.0,0.005089058524173028,0.010178117048346057,0.03816793893129771,0.183206106870229,0.4020356234096692,0.020356234096692113,0.08142493638676845,0.25699745547073793,0.0,0.0,0.002544529262086514
17.0,4.0,0.0020813201516390397,0.14584107633984986,0.053147996729354045,0.09224708243514458,0.6031368467999703,0.010034936445402513,0.022671523080353823,0.06794023637850294,0.0005946629004682971,0.00029733145023414854,0.0020069872890805026
17.0,5.0,0.0,0.16923076923076924,0.2153846153846154,0.07692307692307693,0.15384615384615385,0.09230769230769231,0.046153846153846156,0.24615384615384617,0.0,0.0,0.0
17.0,6.0,0.0,0.003937007874015748,0.01968503937007874,0.17716535433070865,0.2874015748031496,0.027559055118110236,0.15748031496062992,0.3228346456692913,0.0,0.0,0.003937007874015748
17.0,7.0,0.0012,0.0668,0.0804,0.1224,0.3096,0.0648,0.1016,0.2416,0.0024,0.0024,0.0068
17.0,8.0,0.0,0.0,1.0,0.0,0.0,0.0,0.0,0.0,0.0,0.0,0.0
17.0,9.0,0.0,0.0,0.0,1.0,0.0,0.0,0.0,0.0,0.0,0.0,0.0
17.0,10.0,0.0,0.08,0.2,0.08,0.22,0.08,0.1,0.18,0.04,0.0,0.02
18.0,0.0,0.2558139534883721,0.1511627906976744,0.011627906976744186,0.046511627906976744,0.5232558139534884,0.0,0.011627906976744186,0.0,0.0,0.0,0.0
18.0,1.0,0.004470272686633884,0.36253911488600804,0.058113544926240504,0.04202056325435852,0.42914617791685294,0.02011622708985248,0.006705409029950827,0.07420652659812249,0.0004470272686633885,0.0,0.002235136343316942
18.0,2.0,0.0,0.18518518518518517,0.14814814814814814,0.1111111111111111,0.35185185185185186,0.037037037037037035,0.05555555555555555,0.07407407407407407,0.0,0.037037037037037035,0.0
18.0,3.0,0.009389671361502348,0.04225352112676056,0.028169014084507043,0.15023474178403756,0.5774647887323944,0.018779342723004695,0.03755868544600939,0.11737089201877934,0.004694835680751174,0.009389671361502348,0.004694835680751174
18.0,4.0,0.004758742806551572,0.1615759185480301,0.06285967242142541,0.1030323151837096,0.5879814077025233,0.009628154050464808,0.012782204515272245,0.05583222664895972,0.00016600265604249667,0.0002213368747233289,0.0011620185922974768
18.0,5.0,0.0,0.22727272727272727,0.18181818181818182,0.0,0.22727272727272727,0.18181818181818182,0.045454545454545456,0.13636363636363635,0.0,0.0,0.0
18.0,6.0,0.0,0.0,0.029411764705882353,0.20588235294117646,0.2647058823529412,0.0,0.17647058823529413,0.29411764705882354,0.0,0.029411764705882353,0.0
18.0,7.0,0.0026507620941020544,0.23591782637508282,0.06958250497017893,0.07488402915838303,0.3465871438038436,0.04108681245858184,0.03578528827037773,0.1862160371106693,0.0013253810470510272,0.0019880715705765406,0.003976143141153081
18.0,9.0,0.0,0.0,0.0,0.0,0.5,0.0,0.0,0.0,0.0,0.5,0.0
18.0,10.0,0.0,0.21052631578947367,0.0,0.0,0.2631578947368421,0.21052631578947367,0.0,0.2631578947368421,0.0,0.0,0.05263157894736842
19.0,0.0,0.22330097087378642,0.14563106796116504,0.038834951456310676,0.1262135922330097,0.4077669902912621,0.019417475728155338,0.0,0.02912621359223301,0.0,0.0,0.009708737864077669
19.0,1.0,0.0051508462104488595,0.41648270787343633,0.09345106696100074,0.034584253127299486,0.29874908020603386,0.037527593818984545,0.008830022075055188,0.10301692420897719,0.0014716703458425313,0.0,0.0007358351729212656
19.0,2.0,0.004016064257028112,0.15261044176706828,0.1686746987951807,0.10040160642570281,0.39357429718875503,0.08433734939759036,0.008032128514056224,0.08835341365461848,0.0,0.0,0.0
19.0,3.0,0.007751937984496124,0.022286821705426358,0.06201550387596899,0.21027131782945738,0.47093023255813954,0.01744186046511628,0.0687984496124031,0.1375968992248062,0.0009689922480620155,0.0009689922480620155,0.0009689922480620155
19.0,4.0,0.004307468300673421,0.0886974458533034,0.08687738882484984,0.1620457440999818,0.5454710914275314,0.015470484741855245,0.02620882120973124,0.0684341442698538,0.00012133713523023721,0.0006673542437663047,0.001698719893223321
19.0,5.0,0.0,0.2159090909090909,0.125,0.056818181818181816,0.20454545454545456,0.17045454545454544,0.03409090909090909,0.19318181818181818,0.0,0.0,0.0
19.0,6.0,0.0,0.0160857908847185,0.024128686327077747,0.1447721179624665,0.3485254691689008,0.03485254691689008,0.17158176943699732,0.2520107238605898,0.0,0.0,0.00804289544235925
19.0,7.0,0.001178318931657502,0.13157894736842105,0.08130400628436764,0.11468970934799685,0.3071484681853888,0.06441476826394343,0.09937156323644933,0.18813825608798115,0.004713275726630008,0.002356637863315004,0.005106048703849175
19.0,8.0,0.0,0.0,0.5,0.0,0.0,0.0,0.0,0.5,0.0,0.0,0.0
19.0,9.0,0.0,0.0,0.0,0.2,0.4,0.0,0.0,0.4,0.0,0.0,0.0
19.0,10.0,0.0,0.03333333333333333,0.1,0.16666666666666666,0.26666666666666666,0.1,0.16666666666666666,0.06666666666666667,0.03333333333333333,0.03333333333333333,0.03333333333333333
20.0,0.0,0.14035087719298245,0.14035087719298245,0.03508771929824561,0.03508771929824561,0.5789473684210527,0.017543859649122806,0.017543859649122806,0.03508771929824561,0.0,0.0,0.0
20.0,1.0,0.002298370246552445,0.46991224404513166,0.06477225240284162,0.030087755954868366,0.32448809026326786,0.025073129962390306,0.0027162557459256163,0.07814458838278311,0.0014625992478061011,0.0,0.0010447137484329294
20.0,2.0,0.0125,0.225,0.19375,0.0625,0.34375,0.0625,0.0125,0.0875,0.0,0.0,0.0
20.0,3.0,0.0228310502283105,0.1780821917808219,0.0365296803652968,0.2054794520547945,0.319634703196347,0.0182648401826484,0.0958904109589041,0.1004566210045662,0.0045662100456621,0.0045662100456621,0.0136986301369863
20.0,4.0,0.005484665323483322,0.3633310946944258,0.09391090217147974,0.053727333781061114,0.42925901052160287,0.01354376539064249,0.005596597268860533,0.03313185583165435,0.0005596597268860533,0.0005596597268860533,0.0008954555630176853
20.0,5.0,0.0,0.2441860465116279,0.23255813953488372,0.023255813953488372,0.09302325581395349,0.19767441860465115,0.023255813953488372,0.18604651162790697,0.0,0.0,0.0
20.0,6.0,0.004651162790697674,0.004651162790697674,0.013953488372093023,0.11162790697674418,0.13023255813953488,0.03255813953488372,0.22325581395348837,0.4558139534883721,0.0,0.009302325581395349,0.013953488372093023
20.0,7.0,0.0007326007326007326,0.3619047619047619,0.07985347985347985,0.041758241758241756,0.18827838827838828,0.063003663003663,0.05567765567765568,0.19926739926739928,0.0014652014652014652,0.0029304029304029304,0.005128205128205128
20.0,8.0,0.0,0.0,0.14285714285714285,0.14285714285714285,0.0,0.5714285714285714,0.0,0.14285714285714285,0.0,0.0,0.0
20.0,9.0,0.0,0.16666666666666666,0.0,0.0,0.16666666666666666,0.0,0.3333333333333333,0.16666666666666666,0.0,0.16666666666666666,0.0
20.0,10.0,0.0,0.047619047619047616,0.14285714285714285,0.0,0.14285714285714285,0.19047619047619047,0.047619047619047616,0.19047619047619047,0.047619047619047616,0.0,0.19047619047619047
21.0,0.0,0.1935483870967742,0.20967741935483872,0.04838709677419355,0.1532258064516129,0.3709677419354839,0.0,0.0,0.024193548387096774,0.0,0.0,0.0
21.0,1.0,0.0017758046614872365,0.5220865704772475,0.07935627081021088,0.0318534961154273,0.27591564927857937,0.02430632630410655,0.0029966703662597113,0.06015538290788013,0.0005549389567147614,0.0,0.0009988901220865706
21.0,2.0,0.0027210884353741495,0.15034013605442176,0.21496598639455783,0.145578231292517,0.40068027210884355,0.03537414965986395,0.012244897959183673,0.03537414965986395,0.0013605442176870747,0.0,0.0013605442176870747
21.0,3.0,0.0028203062046736503,0.045124899274778404,0.06788879935535858,0.2226027397260274,0.5664786462530218,0.00684931506849315,0.025382755842062853,0.060838033843674456,0.0,0.0012087026591458502,0.0008058017727639
21.0,4.0,0.002735747095379627,0.15391110510672792,0.12976222642529045,0.17731694136719806,0.4522426371251013,0.01570521480680897,0.023608484193461225,0.04363685490407998,0.0002701972439881113,0.0002701972439881113,0.0005403944879762226
21.0,5.0,0.0,0.29381443298969073,0.15463917525773196,0.030927835051546393,0.21649484536082475,0.14432989690721648,0.015463917525773196,0.12886597938144329,0.0,0.0,0.015463917525773196
21.0,6.0,0.0,0.01907356948228883,0.05449591280653951,0.18256130790190736,0.4359673024523161,0.01907356948228883,0.11444141689373297,0.16621253405994552,0.0,0.0027247956403269754,0.005449591280653951
21.0,7.0,0.0006961364427427776,0.23529411764705882,0.1026801253045597,0.10894535328924469,0.2854159415245388,0.06926557605290637,0.06439262095370693,0.12948137835015663,0.0003480682213713888,0.0010442046641141664,0.0024364775495997215
21.0,8.0,0.0,0.5,0.0,0.0,0.0,0.0,0.0,0.5,0.0,0.0,0.0
21.0,9.0,0.0,0.0,0.0,0.16666666666666666,0.5,0.0,0.0,0.16666666666666666,0.0,0.16666666666666666,0.0
21.0,10.0,0.0,0.16666666666666666,0.041666666666666664,0.08333333333333333,0.3333333333333333,0.125,0.08333333333333333,0.041666666666666664,0.041666666666666664,0.041666666666666664,0.041666666666666664
22.0,0.0,0.1595744680851064,0.24468085106382978,0.09574468085106383,0.13829787234042554,0.32978723404255317,0.010638297872340425,0.010638297872340425,0.010638297872340425,0.0,0.0,0.0
22.0,1.0,0.0028974456728936334,0.6276019824628288,0.06671749904689286,0.02035836828059474,0.20792985131528785,0.0236370568051849,0.0015249714067861228,0.04818909645444148,0.000533739992375143,0.0,0.0006099885627144491
22.0,2.0,0.003048780487804878,0.3475609756097561,0.20884146341463414,0.03201219512195122,0.25609756097560976,0.07926829268292683,0.004573170731707317,0.0625,0.003048780487804878,0.0,0.003048780487804878
22.0,3.0,0.012072434607645875,0.13883299798792756,0.096579476861167,0.21730382293762576,0.4104627766599598,0.008048289738430584,0.04627766599597585,0.06841046277665996,0.0,0.0,0.002012072434607646
22.0,4.0,0.007398273736128237,0.4032059186189889,0.11933141526236471,0.06891354980134265,0.3077133853952596,0.027675023975887107,0.018495684340320593,0.04521167283189478,0.0002740101383751199,0.0010960405535004796,0.0006850253459377997
22.0,5.0,0.0,0.4234875444839858,0.15302491103202848,0.014234875444839857,0.08896797153024912,0.18505338078291814,0.0035587188612099642,0.12099644128113879,0.0035587188612099642,0.0,0.0071174377224199285
22.0,6.0,0.0,0.13541666666666666,0.0625,0.14583333333333334,0.3333333333333333,0.041666666666666664,0.10416666666666667,0.16666666666666666,0.0,0.0,0.010416666666666666
22.0,7.0,0.0020013342228152103,0.43162108072048033,0.10340226817878585,0.03468979319546364,0.16344229486324216,0.09072715143428953,0.024683122081387593,0.14409606404269512,0.0020013342228152103,0.00133422281521014,0.0020013342228152103
22.0,8.0,0.0,0.0,0.25,0.0,0.25,0.25,0.0,0.0,0.25,0.0,0.0
22.0,9.0,0.0,0.0,0.0,0.0,0.0,0.0,0.0,1.0,0.0,0.0,0.0
22.0,10.0,0.0,0.22727272727272727,0.13636363636363635,0.045454545454545456,0.3181818181818182,0.045454545454545456,0.045454545454545456,0.18181818181818182,0.0,0.0,0.0
23.0,0.0,0.23809523809523808,0.2698412698412698,0.12698412698412698,0.06349206349206349,0.2698412698412698,0.0,0.0,0.031746031746031744,0.0,0.0,0.0
23.0,1.0,0.0015610956052793416,0.6700411561568664,0.08221770187804532,0.021524196981881828,0.17167321065329486,0.01759780500496712,0.002081460807039122,0.03183688916221202,0.0007095889114906098,9.461185486541464e-05,0.0006622829840579025
23.0,2.0,0.0020050125313283208,0.4025062656641604,0.2511278195488722,0.045112781954887216,0.22506265664160402,0.04411027568922306,0.0040100250626566416,0.02506265664160401,0.0010025062656641604,0.0,0.0
23.0,3.0,0.001892147587511826,0.22421948912015138,0.12488174077578051,0.19394512771996217,0.34058656575212864,0.014191106906338695,0.050141911069063384,0.048249763481551564,0.0,0.000946073793755913,0.000946073793755913
23.0,4.0,0.002170859404929128,0.43085174307240454,0.16805005746392543,0.06729664155280296,0.2616524070999872,0.026944196143532117,0.009449623292044438,0.03217979823777296,0.0005107904482186183,0.0003830928361639637,0.0005107904482186183
23.0,5.0,0.0,0.46813186813186813,0.14285714285714285,0.024175824175824177,0.1054945054945055,0.14725274725274726,0.004395604395604396,0.10329670329670329,0.002197802197802198,0.0,0.002197802197802198
23.0,6.0,0.006329113924050633,0.11392405063291139,0.05063291139240506,0.1518987341772152,0.26582278481012656,0.04430379746835443,0.2088607594936709,0.14556962025316456,0.0,0.0,0.012658227848101266
23.0,7.0,0.0007451564828614009,0.43889716840536513,0.12220566318926974,0.05365126676602087,0.13859910581222057,0.08718330849478391,0.040238450074515646,0.11177347242921014,0.0014903129657228018,0.0014903129657228018,0.0037257824143070045
23.0,8.0,0.0,0.4,0.0,0.0,0.2,0.2,0.0,0.2,0.0,0.0,0.0
23.0,9.0,0.0,0.0,0.3333333333333333,0.0,0.3333333333333333,0.0,0.3333333333333333,0.0,0.0,0.0,0.0
23.0,10.0,0.0,0.2857142857142857,0.0,0.0,0.21428571428571427,0.14285714285714285,0.07142857142857142,0.21428571428571427,0.07142857142857142,0.0,0.0
24.0,0.0,0.19540229885057472,0.22988505747126436,0.10344827586206896,0.10344827586206896,0.3333333333333333,0.0,0.0,0.034482758620689655,0.0,0.0,0.0
24.0,1.0,0.0012130786808474624,0.7725618529071572,0.06333399159308263,0.01038169661748526,0.10804863599176234,0.0165599345501735,0.0011284452845092673,0.026349197393291394,0.00022568905690185348,0.0,0.0001974779247891218
24.0,2.0,0.004239854633555421,0.3525136281041793,0.2631738340399758,0.08509993943064809,0.21290127195639005,0.04482132041187159,0.006359781950333132,0.02877044215626893,0.0006056935190793458,0.0003028467595396729,0.0012113870381586917
24.0,3.0,0.005752346351801393,0.08840448077505299,0.10596427490160461,0.2561307901907357,0.43627005752346354,0.012110202845897668,0.03875264910687254,0.056009688162276715,0.0,0.0003027550711474417,0.0003027550711474417
24.0,4.0,0.0036266924564796904,0.32059961315280466,0.16827852998065765,0.1308027079303675,0.2803433268858801,0.0304642166344294,0.020188588007736943,0.043520309477756286,0.0006044487427466151,0.0008462282398452611,0.0007253384912959381
24.0,5.0,0.0,0.4263803680981595,0.16257668711656442,0.032208588957055216,0.14263803680981596,0.11349693251533742,0.012269938650306749,0.11042944785276074,0.0,0.0,0.0
24.0,6.0,0.0041841004184100415,0.060669456066945605,0.08786610878661087,0.17364016736401675,0.28451882845188287,0.02510460251046025,0.17782426778242677,0.16736401673640167,0.0,0.006276150627615063,0.012552301255230125
24.0,7.0,0.0005408328826392645,0.4564629529475392,0.10546241211465657,0.05678745267712277,0.13142239048134127,0.08328826392644673,0.04813412655489454,0.11357490535424554,0.0016224986479177934,0.001081665765278529,0.0016224986479177934
24.0,8.0,0.0,0.2727272727272727,0.18181818181818182,0.09090909090909091,0.09090909090909091,0.09090909090909091,0.09090909090909091,0.09090909090909091,0.0,0.0,0.09090909090909091
24.0,9.0,0.0,0.0,0.0,0.3333333333333333,0.6666666666666666,0.0,0.0,0.0,0.0,0.0,0.0
24.0,10.0,0.0,0.2,0.3,0.05,0.1,0.15,0.1,0.1,0.0,0.0,0.0
25.0,0.0,0.16,0.36,0.16,0.0,0.2,0.0,0.08,0.04,0.0,0.0,0.0
25.0,1.0,0.0017509301816590063,0.6103086014445174,0.16699496607572772,0.028452615451958853,0.12694243817027795,0.04202232435981615,0.003282994090610637,0.01871306631648063,0.000984898227183191,0.0001094331363536879,0.0004377325454147516
25.0,2.0,0.0005321979776476849,0.5167642362959021,0.23842469398616284,0.026077700904736562,0.1378392762107504,0.04630122405534859,0.006386375731772219,0.026609898882384245,0.0005321979776476849,0.0,0.0005321979776476849
25.0,3.0,0.002331002331002331,0.35664335664335667,0.10722610722610723,0.13752913752913754,0.24708624708624707,0.023310023310023312,0.05827505827505827,0.06526806526806526,0.0,0.0,0.002331002331002331
25.0,4.0,0.002871205906480722,0.4528301886792453,0.19073010664479081,0.05004101722723544,0.184577522559475,0.05701394585726005,0.016817063166529943,0.04224774405250205,0.002461033634126333,0.00041017227235438887,0.0
25.0,5.0,0.0,0.45274725274725275,0.17582417582417584,0.013186813186813187,0.11648351648351649,0.13186813186813187,0.015384615384615385,0.08571428571428572,0.008791208791208791,0.0,0.0
25.0,6.0,0.003703703703703704,0.07777777777777778,0.025925925925925925,0.13703703703703704,0.21481481481481482,0.037037037037037035,0.24444444444444444,0.24814814814814815,0.0,0.007407407407407408,0.003703703703703704
25.0,7.0,0.001607717041800643,0.3279742765273312,0.11736334405144695,0.03536977491961415,0.14630225080385853,0.13344051446945338,0.08842443729903537,0.13344051446945338,0.00964630225080386,0.003215434083601286,0.003215434083601286
25.0,8.0,0.0,0.4,0.0,0.0,0.0,0.0,0.2,0.2,0.0,0.0,0.2
25.0,9.0,0.0,0.0,0.0,0.0,0.5,0.0,0.5,0.0,0.0,0.0,0.0
25.0,10.0,0.0,0.0,0.0,0.1111111111111111,0.2222222222222222,0.0,0.2222222222222222,0.3333333333333333,0.0,0.1111111111111111,0.0
All,,0.0028340849211117027,0.22831216732731188,0.15099743874275412,0.06405635290609568,0.1987365979962906,0.07540580930569729,0.0697555656408521,0.14507742796955872,0.00431146427137959,0.012418905908555508,0.04809418501039281
